-- T3Terminal Theme SQL Dump
-- version 1.0.0
-- https://www.t3terminal.com/
--
-- Generation Time: Wednesday, May 10 23 09:35:07
-- PHP Version: 7.4.23


--
--
-- Dumping data for table `pages`
--

INSERT INTO `pages` (`uid`, `pid`, `tstamp`, `crdate`, `deleted`, `hidden`, `starttime`, `endtime`, `fe_group`, `sorting`, `rowDescription`, `editlock`, `sys_language_uid`, `l10n_parent`, `l10n_source`, `l10n_state`, `t3_origuid`, `l10n_diffsource`, `t3ver_oid`, `t3ver_wsid`, `t3ver_state`, `t3ver_stage`, `perms_userid`, `perms_groupid`, `perms_user`, `perms_group`, `perms_everybody`, `title`, `slug`, `doktype`, `TSconfig`, `is_siteroot`, `php_tree_stop`, `url`, `shortcut`, `shortcut_mode`, `subtitle`, `layout`, `target`, `media`, `lastUpdated`, `keywords`, `cache_timeout`, `cache_tags`, `newUntil`, `description`, `no_search`, `SYS_LASTCHANGED`, `abstract`, `module`, `extendToSubpages`, `author`, `author_email`, `nav_title`, `nav_hide`, `content_from_pid`, `mount_pid`, `mount_pid_ol`, `l18n_cfg`, `backend_layout`, `backend_layout_next_level`, `tsconfig_includes`, `categories`, `tx_impexp_origuid`, `seo_title`, `no_index`, `no_follow`, `og_title`, `og_description`, `og_image`, `twitter_title`, `twitter_description`, `twitter_image`, `twitter_card`, `canonical_link`, `sitemap_priority`, `sitemap_changefreq`) VALUES 
("1","0","1683126883","1683126883","0","0","0","0","","256","","0","0","0","0","","0","{\"media\":\"\"}","0","0","0","0","1","0","31","27","0","Home","/","1","","1","0","","0","0","A Blog Theme by T3 Terminal","0","","1","0","Nitsan Technologies A Blog Theme by T3 Terminal The best free TYPO3 Blog websites templates based on Bootstrap 4 what makes them fully responsive and mobile friendly. What’s more, they are all compatible with the modern web browsers and quick to edit.","0","","0","Nitsan Technologies A Blog Theme by T3 Terminal The best free TYPO3 Blog websites templates based on Bootstrap 4 what makes them fully responsive and mobile friendly. What’s more, they are all compatible with the modern web browsers and quick to edit.","0","1683128095","","","0","","","","0","0","0","0","0","pagets__default","pagets__default","","0","1","","0","0","","","0","","","0","summary","","0.5",""),
("2","1","1683126883","1683126883","0","0","0","0","","256","","0","0","0","0","","0","","0","0","0","0","1","0","31","27","0","Misc","/misc","199","","0","0","","0","0","","0","","0","0","","0","","0","","0","0","","","0","","","","0","0","0","0","0","","","","0","2","","0","0","","","0","","","0","summary","","0.5",""),
("3","2","1683126883","1683126883","0","0","0","0","","256","","0","0","0","0","","0","","0","0","0","0","1","0","31","27","0","404","/404","1","","0","0","","0","0","","0","","0","0","","0","","0","","0","1683126883","","","0","","","","0","0","0","0","0","","","","0","3","","0","0","","","0","","","0","summary","","0.5",""),
("4","2","1683126883","1683126883","0","0","0","0","","128","","0","0","0","0","","0","","0","0","0","0","1","0","31","27","0","Privacy & Policy","/privacy-policy","1","","0","0","","0","0","","0","","0","0","","0","","0","","0","0","","","0","","","","0","0","0","0","0","","","","0","4","","0","0","","","0","","","0","summary","","0.5",""),
("5","2","1683126883","1683126883","0","0","0","0","","64","","0","0","0","0","","0","a:50:{s:7:\"doktype\";N;s:5:\"title\";N;s:4:\"slug\";N;s:9:\"nav_title\";N;s:8:\"subtitle\";N;s:9:\"seo_title\";N;s:11:\"description\";N;s:8:\"no_index\";N;s:9:\"no_follow\";N;s:14:\"canonical_link\";N;s:18:\"sitemap_changefreq\";N;s:16:\"sitemap_priority\";N;s:8:\"og_title\";N;s:14:\"og_description\";N;s:8:\"og_image\";N;s:13:\"twitter_title\";N;s:19:\"twitter_description\";N;s:13:\"twitter_image\";N;s:12:\"twitter_card\";N;s:8:\"abstract\";N;s:8:\"keywords\";N;s:6:\"author\";N;s:12:\"author_email\";N;s:11:\"lastUpdated\";N;s:6:\"layout\";N;s:8:\"newUntil\";N;s:14:\"backend_layout\";N;s:25:\"backend_layout_next_level\";N;s:16:\"content_from_pid\";N;s:6:\"target\";N;s:13:\"cache_timeout\";N;s:10:\"cache_tags\";N;s:11:\"is_siteroot\";N;s:9:\"no_search\";N;s:13:\"php_tree_stop\";N;s:6:\"module\";N;s:5:\"media\";N;s:17:\"tsconfig_includes\";N;s:8:\"TSconfig\";N;s:8:\"l18n_cfg\";N;s:6:\"hidden\";N;s:8:\"nav_hide\";N;s:9:\"starttime\";N;s:7:\"endtime\";N;s:16:\"extendToSubpages\";N;s:8:\"fe_group\";N;s:13:\"fe_login_mode\";N;s:8:\"editlock\";N;s:10:\"categories\";N;s:14:\"rowDescription\";N;}","0","0","0","0","1","0","31","27","0","CMS","/cms","1","","0","0","","0","0","","1","","0","0","","0","","0","","0","0","","","0","","","","0","0","0","0","0","pagets__default","","","0","5","","0","0","","","0","","","0","summary","","0.5",""),
("6","1","1683126883","1683126883","0","0","0","0","","128","","0","0","0","0","","0","","0","0","0","0","1","0","31","27","0","Storage","/storage","199","","0","0","","0","0","","0","","0","0","","0","","0","","0","0","","","0","","","","0","0","0","0","0","","","","0","6","","0","0","","","0","","","0","summary","","0.5",""),
("7","6","1683126883","1683126883","0","0","0","0","","256","","0","0","0","0","","0","","0","0","0","0","1","0","31","27","0","News","/news","254","","0","0","","0","0","","0","","0","0","","0","","0","","0","0","","","0","","","","0","0","0","0","0","","","","0","7","","0","0","","","0","","","0","summary","","0.5",""),
("8","1","1683126883","1683126883","0","0","0","0","","64","","0","0","0","0","","0","","0","0","0","0","1","0","31","27","0","Main menu","/main-menu","199","","0","0","","0","0","","0","","0","0","","0","","0","","0","0","","","0","","","","0","0","0","0","0","","pagets__default","","0","8","","0","0","","","0","","","0","summary","","0.5",""),
("9","8","1683126883","1683126883","0","0","0","0","","256","","0","0","0","0","","0","{\"media\":\"\"}","0","0","0","0","1","0","31","27","0","Contact Me","/contact-me","1","","0","0","","0","0","Have questions? I have answers.","0","","1","0","","0","","0","","0","1683126883","","","0","","","Contact","0","0","0","0","0","","","","0","9","","0","0","","","0","","","0","summary","","0.5",""),
("10","9","1683126883","1683126883","0","0","0","0","","256","","0","0","0","0","","0","","0","0","0","0","1","0","31","27","0","Thank You","/contact-me/thank-you","1","","0","0","","0","0","","0","","0","0","","0","","0","","0","0","","","0","","","","1","0","0","0","0","","","","0","10","","0","0","","","0","","","0","summary","","0.5",""),
("11","8","1683126883","1683126883","0","0","0","0","","128","","0","0","0","0","","0","{\"media\":\"\"}","0","0","0","0","1","0","31","27","0","Sample Post","/sample-post","1","","0","0","","0","0","Problems look mighty small from 150 miles up","0","","1","0","","0","","0","","0","1683126883","","","0","","","","0","0","0","0","0","pagets__default","","","0","11","","0","0","","","0","","","0","summary","","0.5",""),
("12","11","1683126883","1683126883","0","0","0","0","","256","","0","0","0","0","","0","a:50:{s:7:\"doktype\";N;s:5:\"title\";N;s:4:\"slug\";N;s:9:\"nav_title\";N;s:8:\"subtitle\";N;s:9:\"seo_title\";N;s:11:\"description\";N;s:8:\"no_index\";N;s:9:\"no_follow\";N;s:14:\"canonical_link\";N;s:18:\"sitemap_changefreq\";N;s:16:\"sitemap_priority\";N;s:8:\"og_title\";N;s:14:\"og_description\";N;s:8:\"og_image\";N;s:13:\"twitter_title\";N;s:19:\"twitter_description\";N;s:13:\"twitter_image\";N;s:12:\"twitter_card\";N;s:8:\"abstract\";N;s:8:\"keywords\";N;s:6:\"author\";N;s:12:\"author_email\";N;s:11:\"lastUpdated\";N;s:6:\"layout\";N;s:8:\"newUntil\";N;s:14:\"backend_layout\";N;s:25:\"backend_layout_next_level\";N;s:16:\"content_from_pid\";N;s:6:\"target\";N;s:13:\"cache_timeout\";N;s:10:\"cache_tags\";N;s:11:\"is_siteroot\";N;s:9:\"no_search\";N;s:13:\"php_tree_stop\";N;s:6:\"module\";N;s:5:\"media\";N;s:17:\"tsconfig_includes\";N;s:8:\"TSconfig\";N;s:8:\"l18n_cfg\";N;s:6:\"hidden\";N;s:8:\"nav_hide\";N;s:9:\"starttime\";N;s:7:\"endtime\";N;s:16:\"extendToSubpages\";N;s:8:\"fe_group\";N;s:13:\"fe_login_mode\";N;s:8:\"editlock\";N;s:10:\"categories\";N;s:14:\"rowDescription\";N;}","0","0","0","0","1","0","31","27","0","Sample Post Detail","/sample-post/sample-post-detail","1","","0","0","","0","0","","0","","0","0","","0","","0","","0","1683129359","","","0","","","","1","0","0","0","0","pagets__content","","","0","12","","0","0","","","0","","","0","summary","","0.5",""),
("13","8","1683126883","1683126883","0","0","0","0","","64","","0","0","0","0","","0","","0","0","0","0","1","0","31","27","0","Blogs","/blogs","1","","0","0","","0","0","All blogs listing.","0","","0","0","","0","","0","","0","1683129337","","","0","","","","0","0","0","0","0","","","","0","13","","0","0","","","0","","","0","summary","","0.5",""),
("14","8","1683126883","1683126883","0","0","0","0","","32","","0","0","0","0","","0","{\"media\":\"\"}","0","0","0","0","1","0","31","27","0","About Me","/about-me","1","","0","0","","0","0","This is what I do.","0","","1","0","","0","","0","","0","1683126883","","","0","","","About","0","0","0","0","0","pagets__default","","","0","14","","0","0","","","0","","","0","summary","","0.5",""),
("15","8","1683126883","1683126883","0","0","0","0","","16","","0","0","0","0","","0","{\"shortcut\":\"\"}","0","0","0","0","1","0","31","27","0","Home","/home","4","","0","0","","1","0","","0","","0","0","","0","","0","","0","0","","","0","","","","0","0","0","0","0","","","","0","15","","0","0","","","0","","","0","summary","","0.5","");

--
--
-- Dumping data for table `sys_category`
--

INSERT INTO `sys_category` (`uid`, `pid`, `tstamp`, `crdate`, `deleted`, `hidden`, `starttime`, `endtime`, `sorting`, `description`, `sys_language_uid`, `l10n_parent`, `l10n_state`, `t3_origuid`, `l10n_diffsource`, `t3ver_oid`, `t3ver_wsid`, `t3ver_state`, `t3ver_stage`, `title`, `items`, `parent`, `fe_group`, `images`, `single_pid`, `shortcut`, `import_id`, `import_source`, `seo_title`, `seo_description`, `seo_headline`, `seo_text`, `slug`) VALUES 
("1","7","1683126883","1683126883","0","0","0","0","512","","0","0","","0","{\"items\":\"\"}","0","0","0","0","Events","4","0","0","0","0","0","","","","","","","events"),
("2","7","1683126883","1683126883","0","0","0","0","512","","0","0","","0","{\"items\":\"\"}","0","0","0","0","Advertisment","1","0","0","0","0","0","","","","","","","advertisment"),
("3","7","1683126883","1683126883","0","0","0","0","256","","0","0","","0","{\"items\":\"\"}","0","0","0","0","Traveller","4","0","0","0","0","0","","","","","","","traveller"),
("4","7","1683126883","1683126883","0","0","0","0","256","","0","0","","0","{\"items\":\"\"}","0","0","0","0","Education","1","0","0","0","0","0","","","","","","","education"),
("5","7","1683126883","1683126883","0","0","0","0","256","","0","0","","0","a:16:{s:5:\"title\";N;s:4:\"slug\";N;s:6:\"parent\";N;s:5:\"items\";N;s:16:\"sys_language_uid\";N;s:6:\"hidden\";N;s:9:\"starttime\";N;s:7:\"endtime\";N;s:9:\"seo_title\";N;s:15:\"seo_description\";N;s:12:\"seo_headline\";N;s:8:\"seo_text\";N;s:6:\"images\";N;s:11:\"description\";N;s:10:\"single_pid\";N;s:8:\"shortcut\";N;}","0","0","0","0","Racing","0","0","0","0","0","0","","","","","","","racing");

--
--
-- Dumping data for table `sys_category_record_mm`
--

INSERT INTO `sys_category_record_mm` (`uid_local`, `uid_foreign`, `sorting`, `sorting_foreign`, `tablenames`, `fieldname`) VALUES 
("1","1","3","1","tx_news_domain_model_news","categories"),
("1","2","2","1","tx_news_domain_model_news","categories"),
("1","3","1","1","tx_news_domain_model_news","categories"),
("1","6","4","1","tx_news_domain_model_news","categories"),
("4","4","1","0","tx_news_domain_model_news","categories"),
("3","3","1","0","tx_news_domain_model_news","categories"),
("3","2","2","0","tx_news_domain_model_news","categories"),
("3","1","3","0","tx_news_domain_model_news","categories"),
("3","6","4","0","tx_news_domain_model_news","categories"),
("2","5","1","0","tx_news_domain_model_news","categories");

--
--
-- Dumping data for table `sys_file`
--

INSERT INTO `sys_file` (`uid`, `pid`, `tstamp`, `last_indexed`, `missing`, `storage`, `type`, `metadata`, `identifier`, `identifier_hash`, `folder_hash`, `extension`, `mime_type`, `name`, `sha1`, `size`, `creation_date`, `modification_date`) VALUES 
("1","0","1683126903","0","0","1","2","0","/ns_theme_cleanblog/img/home-bg.jpg","450511c3f2ceeb96cefcda920cf2c6f425332b36","d9087dd2a462a2714d03ca58aafcfff2df484663","jpg","image/jpeg","home-bg.jpg","553628a05942f542946ffc9758f5ecce698d86e6","1007801","1683126903","1683126903"),
("2","0","1683126903","0","0","1","2","0","/ns_theme_cleanblog/general/placeholder_480x270.jpg","c9a059bf9afbd929108ceb08d6b68d2c821cbc18","3a73c2bf899be1927088abe134f9ec792f278f6c","jpg","image/jpeg","placeholder_480x270.jpg","3058a3c08346a4b83c2f657ee92657180c442a3f","3351","1683126903","1683126903"),
("3","0","1683126903","0","0","1","2","0","/ns_theme_cleanblog/img/post-sample-image.jpg","cbf6c498b21e27246bbb5645a7a9a4e21ee051a2","d9087dd2a462a2714d03ca58aafcfff2df484663","jpg","image/jpeg","post-sample-image.jpg","4c113edb72b5e7b43c762b0555ca8b1fa0d5d4d8","115144","1683126903","1683126903"),
("4","0","1683126903","0","0","1","2","0","/ns_theme_cleanblog/img/post-bg.jpg","bb921da116aee24b6ed7e073e3d546aa5d2aab84","d9087dd2a462a2714d03ca58aafcfff2df484663","jpg","image/jpeg","post-bg.jpg","9fba26d3da8bbaa053ddb8fd7f7bfaeb90ab7ec8","502305","1683126903","1683126903"),
("5","0","1683126904","0","0","1","2","0","/ns_theme_cleanblog/img/contact-bg.jpg","675807e90ecbd70b2b643a9098cd8ff9da723e2f","d9087dd2a462a2714d03ca58aafcfff2df484663","jpg","image/jpeg","contact-bg.jpg","6cf75d4179772818e9af0f26046796d32b753776","500680","1683126903","1683126903"),
("6","0","1683126904","0","0","1","5","0","/user_upload/index.html","c25533f303185517ca3e1e24b215d53aa74076d2","19669f1e02c2f16705ec7587044c66443be70725","html","application/x-empty","index.html","da39a3ee5e6b4b0d3255bfef95601890afd80709","0","1683126773","1683126773"),
("7","0","1683126904","0","0","1","2","0","/ns_theme_cleanblog/img/about-bg.jpg","8607d5088b61db4e6905119b39a7a690cb252672","d9087dd2a462a2714d03ca58aafcfff2df484663","jpg","image/jpeg","about-bg.jpg","dbe1f3726b3dfb7b0115f3fbbfa1f56ac567d674","454065","1683126904","1683126903"),
("8","0","1683126908","0","0","1","1","0","/ns_theme_cleanblog/Forms/contactForm.form.yaml","57fd6ddd935b737139ecc39dbc544dc7f35ebac1","19b7a103b8bf7a8722361ced08cfe5057ca35feb","yaml","text/plain","contactForm.form.yaml","ae677ab9f5c2119ef665690794015ca96d843402","2215","1683126903","1683126903"),
("9","0","1683129610","0","0","1","2","0","/ns_theme_cleanblog/favicon.ico","7a9692d24d3f13683f4589dc30c8a3a663f514a7","208966186e2ebb1d2eef52563eeb6ccb0c7ab3c7","ico","image/vnd.microsoft.icon","favicon.ico","599afe3c1488bb2ba991288b79354902fca9bad6","15086","1683129451","1683126903"),
("10","0","1683129610","0","0","1","2","0","/ns_theme_cleanblog/t3-blog-logo-black.svg","2935100caa83463fec9433ad9847e0c19a8dd186","208966186e2ebb1d2eef52563eeb6ccb0c7ab3c7","svg","image/svg+xml","t3-blog-logo-black.svg","f82ddcecb01828c8c1c941e9e78cb4139243958c","2718","1683129451","1683126903"),
("11","0","1683129610","0","0","1","2","0","/ns_theme_cleanblog/T3-blog-logo-white.svg","ec498751ec149082be4f325ef7c1efdd4f08f353","208966186e2ebb1d2eef52563eeb6ccb0c7ab3c7","svg","image/svg+xml","T3-blog-logo-white.svg","61dc06f2f8272745893419cb01b75fe319a7d740","2853","1683129451","1683126903");

--
--
-- Dumping data for table `sys_file_metadata`
--

INSERT INTO `sys_file_metadata` (`uid`, `pid`, `tstamp`, `crdate`, `sys_language_uid`, `l10n_parent`, `l10n_state`, `t3_origuid`, `l10n_diffsource`, `t3ver_oid`, `t3ver_wsid`, `t3ver_state`, `t3ver_stage`, `file`, `title`, `width`, `height`, `description`, `alternative`, `categories`) VALUES 
("1","0","1683126883","1683126883","0","0","","0","","0","0","0","0","1","","1900","1267","","","0"),
("2","0","1683126883","1683126883","0","0","","0","","0","0","0","0","2","","480","270","","","0"),
("3","0","1683126883","1683126883","0","0","","0","","0","0","0","0","3","","778","514","","","0"),
("4","0","1683126883","1683126883","0","0","","0","","0","0","0","0","4","","1900","1265","","","0"),
("5","0","1683126883","1683126883","0","0","","0","","0","0","0","0","5","","1900","1267","","","0"),
("6","0","1683126883","1683126883","0","0","","0","","0","0","0","0","6","","0","0","","","0"),
("7","0","1683126883","1683126883","0","0","","0","","0","0","0","0","7","","1900","1501","","","0"),
("8","0","1683126883","1683126883","0","0","","0","","0","0","0","0","8","","0","0","","","0"),
("9","0","1683129610","1683129610","0","0","","0","","0","0","0","0","9","","0","0","","","0"),
("10","0","1683129610","1683129610","0","0","","0","","0","0","0","0","10","","106","29","","","0"),
("11","0","1683129610","1683129610","0","0","","0","","0","0","0","0","11","","106","29","","","0");

--
--
-- Dumping data for table `sys_file_processedfile`
--

INSERT INTO `sys_file_processedfile` (`uid`, `tstamp`, `crdate`, `storage`, `original`, `identifier`, `name`, `processing_url`, `configuration`, `configurationsha1`, `originalfilesha1`, `task_type`, `checksum`, `width`, `height`) VALUES 
("1","1683126945","1683126945","1","3","","","","a:3:{s:5:\"width\";i:778;s:6:\"height\";i:514;s:4:\"crop\";N;}","768944436aadaa5a5761a14e5bec745b1093ab52","4c113edb72b5e7b43c762b0555ca8b1fa0d5d4d8","Image.CropScaleMask","83475f7117","0","0"),
("2","1683129326","1683129326","1","3","/_processed_/4/e/preview_post-sample-image_867586618d.jpg","preview_post-sample-image_867586618d.jpg","","a:2:{s:5:\"width\";i:64;s:6:\"height\";i:64;}","551dfa8957f1a04693c61acf34bc959a1ca971c4","4c113edb72b5e7b43c762b0555ca8b1fa0d5d4d8","Image.Preview","867586618d","0","0"),
("3","1683129376","1683129376","1","4","","","","a:7:{s:5:\"width\";N;s:6:\"height\";N;s:8:\"minWidth\";N;s:9:\"minHeight\";N;s:8:\"maxWidth\";N;s:9:\"maxHeight\";N;s:4:\"crop\";N;}","24f48d5b4de7d99b7144e6559156976855e74b5d","9fba26d3da8bbaa053ddb8fd7f7bfaeb90ab7ec8","Image.CropScaleMask","b7798626ec","0","0"),
("4","1683129385","1683129385","1","2","/_processed_/d/9/preview_placeholder_480x270_74f869012c.jpg","preview_placeholder_480x270_74f869012c.jpg","","a:2:{s:5:\"width\";i:64;s:6:\"height\";i:64;}","551dfa8957f1a04693c61acf34bc959a1ca971c4","3058a3c08346a4b83c2f657ee92657180c442a3f","Image.Preview","74f869012c","0","0"),
("5","1683129610","1683129610","1","10","","","","a:2:{s:5:\"width\";s:3:\"32c\";s:6:\"height\";s:3:\"32c\";}","48ec22f851d7822181aeed9649f97929e5f0c410","f82ddcecb01828c8c1c941e9e78cb4139243958c","Image.CropScaleMask","0342780d83","32","9"),
("6","1683129610","1683129610","1","10","","","","a:7:{s:5:\"width\";N;s:6:\"height\";N;s:8:\"minWidth\";N;s:9:\"minHeight\";N;s:8:\"maxWidth\";i:166;s:9:\"maxHeight\";i:115;s:4:\"crop\";N;}","42bbd46565440d020e85026168e5aeb9653d29fa","f82ddcecb01828c8c1c941e9e78cb4139243958c","Image.CropScaleMask","1be2e73fd2","106","29"),
("7","1683129610","1683129610","1","11","","","","a:2:{s:5:\"width\";s:3:\"32c\";s:6:\"height\";s:3:\"32c\";}","48ec22f851d7822181aeed9649f97929e5f0c410","61dc06f2f8272745893419cb01b75fe319a7d740","Image.CropScaleMask","e54c51952a","32","9"),
("8","1683129610","1683129610","1","11","","","","a:7:{s:5:\"width\";N;s:6:\"height\";N;s:8:\"minWidth\";N;s:9:\"minHeight\";N;s:8:\"maxWidth\";i:166;s:9:\"maxHeight\";i:115;s:4:\"crop\";N;}","42bbd46565440d020e85026168e5aeb9653d29fa","61dc06f2f8272745893419cb01b75fe319a7d740","Image.CropScaleMask","19fbe9ffd5","106","29"),
("9","1683129628","1683129627","1","3","/_processed_/4/e/csm_post-sample-image_219b32399b.jpg","csm_post-sample-image_219b32399b.jpg","","a:3:{s:8:\"maxWidth\";i:145;s:9:\"maxHeight\";i:45;s:6:\"height\";s:3:\"45m\";}","99641ee1e111db8018e526d3105ad5631f8f88a4","4c113edb72b5e7b43c762b0555ca8b1fa0d5d4d8","Image.CropScaleMask","219b32399b","68","45");

--
--
-- Dumping data for table `sys_file_reference`
--

INSERT INTO `sys_file_reference` (`uid`, `pid`, `tstamp`, `crdate`, `deleted`, `hidden`, `sys_language_uid`, `l10n_parent`, `l10n_state`, `l10n_diffsource`, `t3ver_oid`, `t3ver_wsid`, `t3ver_state`, `t3ver_stage`, `uid_local`, `uid_foreign`, `tablenames`, `fieldname`, `sorting_foreign`, `title`, `description`, `alternative`, `link`, `crop`, `autoplay`, `showinpreview`) VALUES 
("1","14","1683126883","1683126883","0","0","0","0","","","0","0","0","0","7","14","pages","media","1","","","","","{\"default\":{\"cropArea\":{\"x\":0,\"y\":0,\"width\":1,\"height\":1},\"selectedRatio\":\"NaN\",\"focusArea\":null}}","0","0"),
("2","12","1683126883","1683126883","0","0","0","0","","a:8:{s:5:\"title\";N;s:11:\"alternative\";N;s:4:\"link\";N;s:11:\"description\";N;s:4:\"crop\";N;s:9:\"uid_local\";N;s:6:\"hidden\";N;s:16:\"sys_language_uid\";N;}","0","0","0","0","6","65","tt_content","image","1","","","","","{\"default\":{\"cropArea\":{\"x\":0,\"y\":0,\"width\":1,\"height\":1},\"selectedRatio\":\"NaN\",\"focusArea\":null},\"specialTablet\":{\"cropArea\":{\"x\":0,\"y\":0,\"width\":1,\"height\":1},\"selectedRatio\":\"3:2\",\"focusArea\":null},\"specialMobile\":{\"cropArea\":{\"x\":0,\"y\":0,\"width\":1,\"height\":1},\"selectedRatio\":\"4:3\",\"focusArea\":null}}","0","0"),
("3","11","1683126883","1683126883","0","0","0","0","","","0","0","0","0","3","5","tt_content","image","1","","","","","{\"specialMobile\":{\"cropArea\":{\"x\":0,\"y\":0,\"width\":1,\"height\":1},\"selectedRatio\":\"NaN\",\"focusArea\":null},\"specialTablet\":{\"cropArea\":{\"x\":0,\"y\":0,\"width\":1,\"height\":1},\"selectedRatio\":\"NaN\",\"focusArea\":null},\"default\":{\"cropArea\":{\"x\":0,\"y\":0,\"width\":1,\"height\":1},\"selectedRatio\":\"NaN\",\"focusArea\":null}}","0","0"),
("4","11","1683126883","1683126883","0","0","0","0","","","0","0","0","0","1","11","pages","media","1","","","","","{\"default\":{\"cropArea\":{\"x\":0,\"y\":0,\"width\":1,\"height\":1},\"selectedRatio\":\"NaN\",\"focusArea\":null}}","0","0"),
("5","9","1683126883","1683126883","0","0","0","0","","","0","0","0","0","5","9","pages","media","1","","","","","{\"default\":{\"cropArea\":{\"x\":0,\"y\":0,\"width\":1,\"height\":1},\"selectedRatio\":\"NaN\",\"focusArea\":null}}","0","0"),
("6","7","1683126883","1683126883","0","0","0","0","","","0","0","0","0","4","1","tx_news_domain_model_news","fal_media","1","","","","","{\"default\":{\"cropArea\":{\"x\":0,\"y\":0,\"width\":1,\"height\":1},\"selectedRatio\":\"NaN\",\"focusArea\":null}}","0","0"),
("7","7","1683126883","1683126883","0","0","0","0","","","0","0","0","0","4","2","tx_news_domain_model_news","fal_media","1","","","","","{\"default\":{\"cropArea\":{\"x\":0,\"y\":0,\"width\":1,\"height\":1},\"selectedRatio\":\"NaN\",\"focusArea\":null}}","0","0"),
("8","7","1683126883","1683126883","0","0","0","0","","","0","0","0","0","4","3","tx_news_domain_model_news","fal_media","1","","","","","{\"default\":{\"cropArea\":{\"x\":0,\"y\":0,\"width\":1,\"height\":1},\"selectedRatio\":\"NaN\",\"focusArea\":null}}","0","0"),
("9","7","1683126883","1683126883","0","0","0","0","","a:1:{s:6:\"hidden\";N;}","0","0","0","0","4","4","tx_news_domain_model_news","fal_media","1","","","","","{\"default\":{\"cropArea\":{\"x\":0,\"y\":0,\"width\":1,\"height\":1},\"selectedRatio\":\"NaN\",\"focusArea\":null}}","0","0"),
("10","7","1683126883","1683126883","0","0","0","0","","a:1:{s:6:\"hidden\";N;}","0","0","0","0","4","5","tx_news_domain_model_news","fal_media","1","","","","","{\"default\":{\"cropArea\":{\"x\":0,\"y\":0,\"width\":1,\"height\":1},\"selectedRatio\":\"NaN\",\"focusArea\":null}}","0","0"),
("11","7","1683126883","1683126883","0","0","0","0","","a:1:{s:6:\"hidden\";N;}","0","0","0","0","4","6","tx_news_domain_model_news","fal_media","1","","","","","{\"default\":{\"cropArea\":{\"x\":0,\"y\":0,\"width\":1,\"height\":1},\"selectedRatio\":\"NaN\",\"focusArea\":null}}","0","0"),
("12","7","1683126883","1683126883","0","0","0","0","","","0","0","0","0","3","12","tt_content","image","1","","","","","{\"specialMobile\":{\"cropArea\":{\"x\":0,\"y\":0,\"width\":1,\"height\":1},\"selectedRatio\":\"NaN\",\"focusArea\":null},\"specialTablet\":{\"cropArea\":{\"x\":0,\"y\":0,\"width\":1,\"height\":1},\"selectedRatio\":\"NaN\",\"focusArea\":null},\"default\":{\"cropArea\":{\"x\":0,\"y\":0,\"width\":1,\"height\":1},\"selectedRatio\":\"NaN\",\"focusArea\":null}}","0","0"),
("13","5","1683126883","1683126883","0","0","0","0","","","0","0","0","0","2","28","tt_content","image","1","","","","","{\"specialMobile\":{\"cropArea\":{\"x\":0,\"y\":0,\"width\":1,\"height\":1},\"selectedRatio\":\"NaN\",\"focusArea\":null},\"specialTablet\":{\"cropArea\":{\"x\":0,\"y\":0,\"width\":1,\"height\":1},\"selectedRatio\":\"NaN\",\"focusArea\":null},\"default\":{\"cropArea\":{\"x\":0,\"y\":0,\"width\":1,\"height\":1},\"selectedRatio\":\"NaN\",\"focusArea\":null}}","0","0"),
("14","5","1683126883","1683126883","0","0","0","0","","","0","0","0","0","2","26","tt_content","image","1","","","","","{\"specialMobile\":{\"cropArea\":{\"x\":0,\"y\":0,\"width\":1,\"height\":1},\"selectedRatio\":\"NaN\",\"focusArea\":null},\"specialTablet\":{\"cropArea\":{\"x\":0,\"y\":0,\"width\":1,\"height\":1},\"selectedRatio\":\"NaN\",\"focusArea\":null},\"default\":{\"cropArea\":{\"x\":0,\"y\":0,\"width\":1,\"height\":1},\"selectedRatio\":\"NaN\",\"focusArea\":null}}","0","0"),
("15","5","1683126883","1683126883","0","0","0","0","","a:8:{s:11:\"alternative\";N;s:11:\"description\";N;s:4:\"link\";N;s:5:\"title\";N;s:4:\"crop\";N;s:9:\"uid_local\";N;s:6:\"hidden\";N;s:16:\"sys_language_uid\";N;}","0","0","0","0","2","23","tt_content","image","1","","","","","{\"specialMobile\":{\"cropArea\":{\"x\":0,\"y\":0,\"width\":1,\"height\":1},\"selectedRatio\":\"NaN\",\"focusArea\":null},\"specialTablet\":{\"cropArea\":{\"x\":0,\"y\":0,\"width\":1,\"height\":1},\"selectedRatio\":\"NaN\",\"focusArea\":null},\"default\":{\"cropArea\":{\"x\":0,\"y\":0,\"width\":1,\"height\":1},\"selectedRatio\":\"NaN\",\"focusArea\":null}}","0","0"),
("16","5","1683126883","1683126883","0","0","0","0","","a:8:{s:11:\"alternative\";N;s:11:\"description\";N;s:4:\"link\";N;s:5:\"title\";N;s:4:\"crop\";N;s:9:\"uid_local\";N;s:6:\"hidden\";N;s:16:\"sys_language_uid\";N;}","0","0","0","0","2","23","tt_content","image","2","","","","","{\"specialMobile\":{\"cropArea\":{\"x\":0,\"y\":0,\"width\":1,\"height\":1},\"selectedRatio\":\"NaN\",\"focusArea\":null},\"specialTablet\":{\"cropArea\":{\"x\":0,\"y\":0,\"width\":1,\"height\":1},\"selectedRatio\":\"NaN\",\"focusArea\":null},\"default\":{\"cropArea\":{\"x\":0,\"y\":0,\"width\":1,\"height\":1},\"selectedRatio\":\"NaN\",\"focusArea\":null}}","0","0"),
("17","5","1683126883","1683126883","0","0","0","0","","a:8:{s:11:\"alternative\";N;s:11:\"description\";N;s:4:\"link\";N;s:5:\"title\";N;s:4:\"crop\";N;s:9:\"uid_local\";N;s:6:\"hidden\";N;s:16:\"sys_language_uid\";N;}","0","0","0","0","2","23","tt_content","image","3","","","","","{\"specialMobile\":{\"cropArea\":{\"x\":0,\"y\":0,\"width\":1,\"height\":1},\"selectedRatio\":\"NaN\",\"focusArea\":null},\"specialTablet\":{\"cropArea\":{\"x\":0,\"y\":0,\"width\":1,\"height\":1},\"selectedRatio\":\"NaN\",\"focusArea\":null},\"default\":{\"cropArea\":{\"x\":0,\"y\":0,\"width\":1,\"height\":1},\"selectedRatio\":\"NaN\",\"focusArea\":null}}","0","0"),
("18","5","1683126883","1683126883","0","0","0","0","","a:1:{s:6:\"hidden\";N;}","0","0","0","0","2","21","tt_content","image","1","","","","","{\"specialMobile\":{\"cropArea\":{\"x\":0,\"y\":0,\"width\":1,\"height\":1},\"selectedRatio\":\"NaN\",\"focusArea\":null},\"specialTablet\":{\"cropArea\":{\"x\":0,\"y\":0,\"width\":1,\"height\":1},\"selectedRatio\":\"NaN\",\"focusArea\":null},\"default\":{\"cropArea\":{\"x\":0,\"y\":0,\"width\":1,\"height\":1},\"selectedRatio\":\"NaN\",\"focusArea\":null}}","0","0"),
("19","5","1683126883","1683126883","0","0","0","0","","a:1:{s:6:\"hidden\";N;}","0","0","0","0","2","19","tt_content","image","1","","","","","{\"specialMobile\":{\"cropArea\":{\"x\":0,\"y\":0,\"width\":1,\"height\":1},\"selectedRatio\":\"NaN\",\"focusArea\":null},\"specialTablet\":{\"cropArea\":{\"x\":0,\"y\":0,\"width\":1,\"height\":1},\"selectedRatio\":\"NaN\",\"focusArea\":null},\"default\":{\"cropArea\":{\"x\":0,\"y\":0,\"width\":1,\"height\":1},\"selectedRatio\":\"NaN\",\"focusArea\":null}}","0","0"),
("20","5","1683126883","1683126883","0","0","0","0","","a:1:{s:6:\"hidden\";N;}","0","0","0","0","2","19","tt_content","image","2","","","","","{\"specialMobile\":{\"cropArea\":{\"x\":0,\"y\":0,\"width\":1,\"height\":1},\"selectedRatio\":\"NaN\",\"focusArea\":null},\"specialTablet\":{\"cropArea\":{\"x\":0,\"y\":0,\"width\":1,\"height\":1},\"selectedRatio\":\"NaN\",\"focusArea\":null},\"default\":{\"cropArea\":{\"x\":0,\"y\":0,\"width\":1,\"height\":1},\"selectedRatio\":\"NaN\",\"focusArea\":null}}","0","0"),
("21","5","1683126883","1683126883","0","0","0","0","","","0","0","0","0","2","18","tt_content","image","1","","","","","{\"specialMobile\":{\"cropArea\":{\"x\":0,\"y\":0,\"width\":1,\"height\":1},\"selectedRatio\":\"NaN\",\"focusArea\":null},\"specialTablet\":{\"cropArea\":{\"x\":0,\"y\":0,\"width\":1,\"height\":1},\"selectedRatio\":\"NaN\",\"focusArea\":null},\"default\":{\"cropArea\":{\"x\":0,\"y\":0,\"width\":1,\"height\":1},\"selectedRatio\":\"NaN\",\"focusArea\":null}}","0","0"),
("22","5","1683126883","1683126883","0","0","0","0","","a:8:{s:11:\"alternative\";N;s:11:\"description\";N;s:4:\"link\";N;s:5:\"title\";N;s:4:\"crop\";N;s:9:\"uid_local\";N;s:6:\"hidden\";N;s:16:\"sys_language_uid\";N;}","0","0","0","0","2","17","tt_content","image","1","","","","","{\"specialMobile\":{\"cropArea\":{\"x\":0,\"y\":0,\"width\":1,\"height\":1},\"selectedRatio\":\"NaN\",\"focusArea\":null},\"specialTablet\":{\"cropArea\":{\"x\":0,\"y\":0,\"width\":1,\"height\":1},\"selectedRatio\":\"NaN\",\"focusArea\":null},\"default\":{\"cropArea\":{\"x\":0,\"y\":0,\"width\":1,\"height\":1},\"selectedRatio\":\"NaN\",\"focusArea\":null}}","0","0"),
("23","5","1683126883","1683126883","0","0","0","0","","a:8:{s:11:\"alternative\";N;s:11:\"description\";N;s:4:\"link\";N;s:5:\"title\";N;s:4:\"crop\";N;s:9:\"uid_local\";N;s:6:\"hidden\";N;s:16:\"sys_language_uid\";N;}","0","0","0","0","2","17","tt_content","image","2","","","","","{\"specialMobile\":{\"cropArea\":{\"x\":0,\"y\":0,\"width\":1,\"height\":1},\"selectedRatio\":\"NaN\",\"focusArea\":null},\"specialTablet\":{\"cropArea\":{\"x\":0,\"y\":0,\"width\":1,\"height\":1},\"selectedRatio\":\"NaN\",\"focusArea\":null},\"default\":{\"cropArea\":{\"x\":0,\"y\":0,\"width\":1,\"height\":1},\"selectedRatio\":\"NaN\",\"focusArea\":null}}","0","0"),
("24","5","1683126883","1683126883","0","0","0","0","","a:8:{s:11:\"alternative\";N;s:11:\"description\";N;s:4:\"link\";N;s:5:\"title\";N;s:4:\"crop\";N;s:9:\"uid_local\";N;s:6:\"hidden\";N;s:16:\"sys_language_uid\";N;}","0","0","0","0","2","17","tt_content","image","3","","","","","{\"specialMobile\":{\"cropArea\":{\"x\":0,\"y\":0,\"width\":1,\"height\":1},\"selectedRatio\":\"NaN\",\"focusArea\":null},\"specialTablet\":{\"cropArea\":{\"x\":0,\"y\":0,\"width\":1,\"height\":1},\"selectedRatio\":\"NaN\",\"focusArea\":null},\"default\":{\"cropArea\":{\"x\":0,\"y\":0,\"width\":1,\"height\":1},\"selectedRatio\":\"NaN\",\"focusArea\":null}}","0","0"),
("25","5","1683126883","1683126883","0","0","0","0","","a:8:{s:11:\"alternative\";N;s:11:\"description\";N;s:4:\"link\";N;s:5:\"title\";N;s:4:\"crop\";N;s:9:\"uid_local\";N;s:6:\"hidden\";N;s:16:\"sys_language_uid\";N;}","0","0","0","0","2","16","tt_content","image","1","","","","","{\"specialMobile\":{\"cropArea\":{\"x\":0,\"y\":0,\"width\":1,\"height\":1},\"selectedRatio\":\"NaN\",\"focusArea\":null},\"specialTablet\":{\"cropArea\":{\"x\":0,\"y\":0,\"width\":1,\"height\":1},\"selectedRatio\":\"NaN\",\"focusArea\":null},\"default\":{\"cropArea\":{\"x\":0,\"y\":0,\"width\":1,\"height\":1},\"selectedRatio\":\"NaN\",\"focusArea\":null}}","0","0"),
("26","5","1683126883","1683126883","0","0","0","0","","a:8:{s:11:\"alternative\";N;s:11:\"description\";N;s:4:\"link\";N;s:5:\"title\";N;s:4:\"crop\";N;s:9:\"uid_local\";N;s:6:\"hidden\";N;s:16:\"sys_language_uid\";N;}","0","0","0","0","2","16","tt_content","image","2","","","","","{\"specialMobile\":{\"cropArea\":{\"x\":0,\"y\":0,\"width\":1,\"height\":1},\"selectedRatio\":\"NaN\",\"focusArea\":null},\"specialTablet\":{\"cropArea\":{\"x\":0,\"y\":0,\"width\":1,\"height\":1},\"selectedRatio\":\"NaN\",\"focusArea\":null},\"default\":{\"cropArea\":{\"x\":0,\"y\":0,\"width\":1,\"height\":1},\"selectedRatio\":\"NaN\",\"focusArea\":null}}","0","0"),
("27","5","1683126883","1683126883","0","0","0","0","","a:8:{s:11:\"alternative\";N;s:11:\"description\";N;s:4:\"link\";N;s:5:\"title\";N;s:4:\"crop\";N;s:9:\"uid_local\";N;s:6:\"hidden\";N;s:16:\"sys_language_uid\";N;}","0","0","0","0","2","16","tt_content","image","3","","","","","{\"specialMobile\":{\"cropArea\":{\"x\":0,\"y\":0,\"width\":1,\"height\":1},\"selectedRatio\":\"NaN\",\"focusArea\":null},\"specialTablet\":{\"cropArea\":{\"x\":0,\"y\":0,\"width\":1,\"height\":1},\"selectedRatio\":\"NaN\",\"focusArea\":null},\"default\":{\"cropArea\":{\"x\":0,\"y\":0,\"width\":1,\"height\":1},\"selectedRatio\":\"NaN\",\"focusArea\":null}}","0","0"),
("28","5","1683126883","1683126883","0","0","0","0","","","0","0","0","0","2","15","tt_content","image","1","","","","","{\"specialMobile\":{\"cropArea\":{\"x\":0,\"y\":0,\"width\":1,\"height\":1},\"selectedRatio\":\"NaN\",\"focusArea\":null},\"specialTablet\":{\"cropArea\":{\"x\":0,\"y\":0,\"width\":1,\"height\":1},\"selectedRatio\":\"NaN\",\"focusArea\":null},\"default\":{\"cropArea\":{\"x\":0,\"y\":0,\"width\":1,\"height\":1},\"selectedRatio\":\"NaN\",\"focusArea\":null}}","0","0"),
("29","5","1683126883","1683126883","0","0","0","0","","","0","0","0","0","2","15","tt_content","image","2","","","","","{\"specialMobile\":{\"cropArea\":{\"x\":0,\"y\":0,\"width\":1,\"height\":1},\"selectedRatio\":\"NaN\",\"focusArea\":null},\"specialTablet\":{\"cropArea\":{\"x\":0,\"y\":0,\"width\":1,\"height\":1},\"selectedRatio\":\"NaN\",\"focusArea\":null},\"default\":{\"cropArea\":{\"x\":0,\"y\":0,\"width\":1,\"height\":1},\"selectedRatio\":\"NaN\",\"focusArea\":null}}","0","0"),
("30","5","1683126883","1683126883","0","0","0","0","","","0","0","0","0","2","15","tt_content","image","3","","","","","{\"specialMobile\":{\"cropArea\":{\"x\":0,\"y\":0,\"width\":1,\"height\":1},\"selectedRatio\":\"NaN\",\"focusArea\":null},\"specialTablet\":{\"cropArea\":{\"x\":0,\"y\":0,\"width\":1,\"height\":1},\"selectedRatio\":\"NaN\",\"focusArea\":null},\"default\":{\"cropArea\":{\"x\":0,\"y\":0,\"width\":1,\"height\":1},\"selectedRatio\":\"NaN\",\"focusArea\":null}}","0","0"),
("31","5","1683126883","1683126883","0","0","0","0","","a:8:{s:11:\"alternative\";N;s:11:\"description\";N;s:4:\"link\";N;s:5:\"title\";N;s:4:\"crop\";N;s:9:\"uid_local\";N;s:6:\"hidden\";N;s:16:\"sys_language_uid\";N;}","0","0","0","0","2","14","tt_content","image","1","","","","","{\"specialMobile\":{\"cropArea\":{\"x\":0,\"y\":0,\"width\":1,\"height\":1},\"selectedRatio\":\"NaN\",\"focusArea\":null},\"specialTablet\":{\"cropArea\":{\"x\":0,\"y\":0,\"width\":1,\"height\":1},\"selectedRatio\":\"NaN\",\"focusArea\":null},\"default\":{\"cropArea\":{\"x\":0,\"y\":0,\"width\":1,\"height\":1},\"selectedRatio\":\"NaN\",\"focusArea\":null}}","0","0"),
("32","5","1683126883","1683126883","0","0","0","0","","a:8:{s:11:\"alternative\";N;s:11:\"description\";N;s:4:\"link\";N;s:5:\"title\";N;s:4:\"crop\";N;s:9:\"uid_local\";N;s:6:\"hidden\";N;s:16:\"sys_language_uid\";N;}","0","0","0","0","2","14","tt_content","image","2","","","","","{\"specialMobile\":{\"cropArea\":{\"x\":0,\"y\":0,\"width\":1,\"height\":1},\"selectedRatio\":\"NaN\",\"focusArea\":null},\"specialTablet\":{\"cropArea\":{\"x\":0,\"y\":0,\"width\":1,\"height\":1},\"selectedRatio\":\"NaN\",\"focusArea\":null},\"default\":{\"cropArea\":{\"x\":0,\"y\":0,\"width\":1,\"height\":1},\"selectedRatio\":\"NaN\",\"focusArea\":null}}","0","0"),
("33","5","1683126883","1683126883","0","0","0","0","","a:8:{s:11:\"alternative\";N;s:11:\"description\";N;s:4:\"link\";N;s:5:\"title\";N;s:4:\"crop\";N;s:9:\"uid_local\";N;s:6:\"hidden\";N;s:16:\"sys_language_uid\";N;}","0","0","0","0","2","14","tt_content","image","3","","","","","{\"specialMobile\":{\"cropArea\":{\"x\":0,\"y\":0,\"width\":1,\"height\":1},\"selectedRatio\":\"NaN\",\"focusArea\":null},\"specialTablet\":{\"cropArea\":{\"x\":0,\"y\":0,\"width\":1,\"height\":1},\"selectedRatio\":\"NaN\",\"focusArea\":null},\"default\":{\"cropArea\":{\"x\":0,\"y\":0,\"width\":1,\"height\":1},\"selectedRatio\":\"NaN\",\"focusArea\":null}}","0","0"),
("34","5","1683126883","1683126883","0","0","0","0","","","0","0","0","0","2","25","tt_content","image","1","","","","","{\"specialMobile\":{\"cropArea\":{\"x\":0,\"y\":0,\"width\":1,\"height\":1},\"selectedRatio\":\"NaN\",\"focusArea\":null},\"specialTablet\":{\"cropArea\":{\"x\":0,\"y\":0,\"width\":1,\"height\":1},\"selectedRatio\":\"NaN\",\"focusArea\":null},\"default\":{\"cropArea\":{\"x\":0,\"y\":0,\"width\":1,\"height\":1},\"selectedRatio\":\"NaN\",\"focusArea\":null}}","0","0"),
("35","5","1683126883","1683126883","0","0","0","0","","","0","0","0","0","2","25","tt_content","image","2","","","","","{\"specialMobile\":{\"cropArea\":{\"x\":0,\"y\":0,\"width\":1,\"height\":1},\"selectedRatio\":\"NaN\",\"focusArea\":null},\"specialTablet\":{\"cropArea\":{\"x\":0,\"y\":0,\"width\":1,\"height\":1},\"selectedRatio\":\"NaN\",\"focusArea\":null},\"default\":{\"cropArea\":{\"x\":0,\"y\":0,\"width\":1,\"height\":1},\"selectedRatio\":\"NaN\",\"focusArea\":null}}","0","0"),
("36","5","1683126883","1683126883","0","0","0","0","","","0","0","0","0","2","25","tt_content","image","3","","","","","{\"specialMobile\":{\"cropArea\":{\"x\":0,\"y\":0,\"width\":1,\"height\":1},\"selectedRatio\":\"NaN\",\"focusArea\":null},\"specialTablet\":{\"cropArea\":{\"x\":0,\"y\":0,\"width\":1,\"height\":1},\"selectedRatio\":\"NaN\",\"focusArea\":null},\"default\":{\"cropArea\":{\"x\":0,\"y\":0,\"width\":1,\"height\":1},\"selectedRatio\":\"NaN\",\"focusArea\":null}}","0","0"),
("37","5","1683126883","1683126883","0","0","0","0","","","0","0","0","0","2","24","tt_content","image","1","","","","","{\"specialMobile\":{\"cropArea\":{\"x\":0,\"y\":0,\"width\":1,\"height\":1},\"selectedRatio\":\"NaN\",\"focusArea\":null},\"specialTablet\":{\"cropArea\":{\"x\":0,\"y\":0,\"width\":1,\"height\":1},\"selectedRatio\":\"NaN\",\"focusArea\":null},\"default\":{\"cropArea\":{\"x\":0,\"y\":0,\"width\":1,\"height\":1},\"selectedRatio\":\"NaN\",\"focusArea\":null}}","0","0"),
("38","5","1683126883","1683126883","0","0","0","0","","","0","0","0","0","2","22","tt_content","image","1","","","","","{\"specialMobile\":{\"cropArea\":{\"x\":0,\"y\":0,\"width\":1,\"height\":1},\"selectedRatio\":\"NaN\",\"focusArea\":null},\"specialTablet\":{\"cropArea\":{\"x\":0,\"y\":0,\"width\":1,\"height\":1},\"selectedRatio\":\"NaN\",\"focusArea\":null},\"default\":{\"cropArea\":{\"x\":0,\"y\":0,\"width\":1,\"height\":1},\"selectedRatio\":\"NaN\",\"focusArea\":null}}","0","0"),
("39","5","1683126883","1683126883","0","0","0","0","","","0","0","0","0","2","20","tt_content","image","1","","","","","{\"specialMobile\":{\"cropArea\":{\"x\":0,\"y\":0,\"width\":1,\"height\":1},\"selectedRatio\":\"NaN\",\"focusArea\":null},\"specialTablet\":{\"cropArea\":{\"x\":0,\"y\":0,\"width\":1,\"height\":1},\"selectedRatio\":\"NaN\",\"focusArea\":null},\"default\":{\"cropArea\":{\"x\":0,\"y\":0,\"width\":1,\"height\":1},\"selectedRatio\":\"NaN\",\"focusArea\":null}}","0","0"),
("40","1","1683126883","1683126883","0","0","0","0","","a:1:{s:6:\"hidden\";N;}","0","0","0","0","1","1","pages","media","1","","","","","{\"default\":{\"cropArea\":{\"x\":0,\"y\":0,\"width\":1,\"height\":1},\"selectedRatio\":\"NaN\",\"focusArea\":null}}","0","0");

--
--
-- Dumping data for table `sys_file_storage`
--

INSERT INTO `sys_file_storage` (`uid`, `pid`, `tstamp`, `crdate`, `deleted`, `description`, `name`, `driver`, `configuration`, `is_default`, `is_browsable`, `is_public`, `is_writable`, `is_online`, `auto_extract_metadata`, `processingfolder`) VALUES 
("1","0","1683126883","1683126883","0","This is the local fileadmin/ directory. This storage mount has been created automatically by TYPO3.","fileadmin","Local","<?xml version=\"1.0\" encoding=\"utf-8\" standalone=\"yes\" ?>\n<T3FlexForms>\n    <data>\n        <sheet index=\"sDEF\">\n            <language index=\"lDEF\">\n                <field index=\"basePath\">\n                    <value index=\"vDEF\">fileadmin/</value>\n                </field>\n                <field index=\"pathType\">\n                    <value index=\"vDEF\">relative</value>\n                </field>\n                <field index=\"caseSensitive\">\n                    <value index=\"vDEF\">1</value>\n                </field>\n            </language>\n        </sheet>\n    </data>\n</T3FlexForms>","1","1","1","1","1","1","");

--
--
-- Dumping data for table `sys_refindex`
--

INSERT INTO `sys_refindex` (`hash`, `tablename`, `recuid`, `field`, `flexpointer`, `softref_key`, `softref_id`, `sorting`, `workspace`, `ref_table`, `ref_uid`, `ref_string`) VALUES 
("039171fc40f48400bcfdf6fd7e02092c","sys_category","1","items","","","","3","0","tx_news_domain_model_news","6",""),
("05475bbb8db8a71294bcd8f3067a9a28","sys_file_reference","37","uid_local","","","","0","0","sys_file","2",""),
("0a2c30f6cc59c7664b466e36a0111c1a","sys_category","3","items","","","","3","0","tx_news_domain_model_news","6",""),
("0b0df71ff0df9f3829347089ad0bc6e2","tt_content","36","pi_flexform","additional/lDEF/settings.backPid/vDEF/","","","0","0","pages","13",""),
("0bc75fc48a18f1b7592b49955076fe97","sys_file","6","storage","","","","0","0","sys_file_storage","1",""),
("0d9c59edacde16f1a98d1dbd0edf38b0","tt_content","23","image","","","","0","0","sys_file_reference","15",""),
("0f6150b40f370057e926e1ea3abcf2d8","sys_file_reference","19","uid_local","","","","0","0","sys_file","2",""),
("11eb16d2a56962b42325780b5dfeb113","sys_file_reference","31","uid_local","","","","0","0","sys_file","2",""),
("15597f65d7df3a40d1e792514c91c69f","sys_file","10","storage","","","","0","0","sys_file_storage","1",""),
("15f4a0b1a5e73731acc62b9c9fd49868","tt_content","4","pi_flexform","sDEF/lDEF/settings.startingpoint/vDEF/","","","0","0","pages","7",""),
("1761ab1ee103c6d414ab6b319dbe3284","sys_file_reference","35","uid_local","","","","0","0","sys_file","2",""),
("186049eeb50487ee583369a1a1f5562b","tt_content","25","image","","","","1","0","sys_file_reference","35",""),
("18b4bf31f2d9a98da4e2edc34b60ec3c","sys_category","2","items","","","","0","0","tx_news_domain_model_news","5",""),
("18dfcc2eea8f972f9f407a9f49a2f645","tt_content","23","image","","","","1","0","sys_file_reference","16",""),
("1a38d0d4b713b0a6a65a78f777a73e2a","pages","11","media","","","","0","0","sys_file_reference","4",""),
("1c9b8784c1518ef7b22704c4fc698ca9","sys_file","2","storage","","","","0","0","sys_file_storage","1",""),
("1d9bf3e82f9d8f8460dfb6b7074ccc16","sys_file_reference","5","uid_local","","","","0","0","sys_file","5",""),
("1f68e8e087d1dfcb563de128f539dd33","tt_content","22","image","","","","0","0","sys_file_reference","38",""),
("24470f10c2fcccf6f36e3c46a3616234","sys_file_reference","38","uid_local","","","","0","0","sys_file","2",""),
("24d47b29aa969cf4db8635e76dd1c386","sys_file","3","storage","","","","0","0","sys_file_storage","1",""),
("27fe2f0f657d7938e571d7edc4ba466d","sys_file_reference","15","uid_local","","","","0","0","sys_file","2",""),
("297e1c6ee91639b8c80fab53a0a8bf98","tt_content","20","image","","","","0","0","sys_file_reference","39",""),
("29c0331b6fb7250c9c187097a5fa327b","tt_content","26","image","","","","0","0","sys_file_reference","14",""),
("2f750ab05a9f280e6cf9880436ba13b9","tx_news_domain_model_news","3","fal_media","","","","0","0","sys_file_reference","8",""),
("2f7b2b704789948affaac6656349e36c","sys_file_reference","20","uid_local","","","","0","0","sys_file","2",""),
("34731a96bfc9bfcfe2f615d17f3f03e1","sys_file_reference","39","uid_local","","","","0","0","sys_file","2",""),
("35eca2ed00f7f0979e4ce0a59a46667a","sys_template","1","constants","","url","17","-1","0","_STRING","0","https://fonts.googleapis.com/css?family=Lora:400,700,400italic,700italic"),
("38ce15336eb009274713bf7ec6ff7e22","sys_category","3","items","","","","1","0","tx_news_domain_model_news","2",""),
("39433ea4a82060704109046e4828d3c8","sys_file","1","storage","","","","0","0","sys_file_storage","1",""),
("3b27906ed0925b8d88aba58cdc97f6e1","tx_news_domain_model_news","6","fal_media","","","","0","0","sys_file_reference","11",""),
("3b66f768f08a744fade5efd5e1d7aa2a","sys_file_reference","12","uid_local","","","","0","0","sys_file","3",""),
("3c9b677acee141e53eb7643078bc6b92","sys_file_reference","26","uid_local","","","","0","0","sys_file","2",""),
("3e3dabbd4b7b2fcadad97f15fca7f1e4","tt_content","13","pi_flexform","sDEF/lDEF/settings.persistenceIdentifier/vDEF/","formPersistenceIdentifier","e645eab6c1db05c6e20726ae5313bcf7","-1","0","sys_file","8",""),
("3f9d3e75c0454c4def70dea5dcc318bd","sys_file_reference","33","uid_local","","","","0","0","sys_file","2",""),
("3fe973b298aee885ed8d8c7c414851fd","tt_content","21","image","","","","0","0","sys_file_reference","18",""),
("4302a977557f3907ee0aa5659b70476d","sys_template","1","constants","","url","7","-1","0","_STRING","0","https://www.twitter.com"),
("450a03615e3e7938da52761fb9b5276a","sys_file_reference","32","uid_local","","","","0","0","sys_file","2",""),
("483e0d318baf6bb183edff6a08397513","pages","9","media","","","","0","0","sys_file_reference","5",""),
("4840d3c2d2b0f9b9d4ea8db9d3a46ac7","tt_content","2","pi_flexform","additional/lDEF/settings.detailPid/vDEF/","","","0","0","pages","12",""),
("49bbb15607f7f4d9b993968eaed09340","sys_file_reference","30","uid_local","","","","0","0","sys_file","2",""),
("4a3becfbba22c7e40cfc6d60f4fe7718","sys_file_reference","7","uid_local","","","","0","0","sys_file","4",""),
("4d084a7687f1fc5a290a0a6af82134db","sys_file_reference","29","uid_local","","","","0","0","sys_file","2",""),
("4d6cdb2fe90da944832eea8ae183355b","sys_file_reference","1","uid_local","","","","0","0","sys_file","7",""),
("5604072fdf93c74d9ff1bfa9317a4beb","tt_content","17","image","","","","1","0","sys_file_reference","23",""),
("5891a64793f64ea5b0d1841072bb2623","tt_content","28","image","","","","0","0","sys_file_reference","13",""),
("591cf1d7acfae194eeae13e2464cbc48","sys_file_reference","40","uid_local","","","","0","0","sys_file","1",""),
("5bb46555e61f2e7b08b96e35a1e2c393","tt_content","23","image","","","","2","0","sys_file_reference","17",""),
("619a62f2364b1ab2ba35f1ff999870f5","tx_news_domain_model_news","6","content_elements","","","","0","0","tt_content","12",""),
("68ff30737cef69c0bb08aef32a1fcbf3","sys_file_reference","24","uid_local","","","","0","0","sys_file","2",""),
("692e129d0a6ae1105f43e3627f14e64d","sys_file","8","storage","","","","0","0","sys_file_storage","1",""),
("69f02a20686a844d5d7494648e245b29","sys_category","3","items","","","","0","0","tx_news_domain_model_news","3",""),
("6f166204dcaaaed4e135ce7d671692f1","sys_category","1","items","","","","2","0","tx_news_domain_model_news","1",""),
("6f8223d39ce341326cc7177830423f95","tt_content","14","image","","","","0","0","sys_file_reference","31",""),
("71885f231631e39b155d14fac1b50305","sys_file","11","storage","","","","0","0","sys_file_storage","1",""),
("74f8dc8c80b0a45415f2aac8ff1af192","tt_content","2","pi_flexform","additional/lDEF/settings.listPid/vDEF/","","","0","0","pages","13",""),
("762716fdb8ceb9b62044a59a065cab0c","sys_file_reference","2","uid_local","","","","0","0","sys_file","6",""),
("7760e93e700888ea91a3548c7f8dc337","sys_file_reference","13","uid_local","","","","0","0","sys_file","2",""),
("777ff0dd31b1293f0716575883b21f36","sys_file_reference","10","uid_local","","","","0","0","sys_file","4",""),
("791d3f9d43dcbfa78cd49dd8258caa09","sys_file","5","storage","","","","0","0","sys_file_storage","1",""),
("79c3241222f132384b59448be5a75764","tt_content","36","pi_flexform","additional/lDEF/settings.listPid/vDEF/","","","0","0","pages","13",""),
("7a3d375a21c980dd3ba95808ab0b7925","sys_file_reference","23","uid_local","","","","0","0","sys_file","2",""),
("7a7c0105f6be14b8f2927279233c80f2","tt_content","15","image","","","","2","0","sys_file_reference","30",""),
("7c4ad44c43b9be98006339abac2422a6","sys_file_reference","34","uid_local","","","","0","0","sys_file","2",""),
("81af7852390e6fdf3d37450092d0b76b","tt_content","14","image","","","","1","0","sys_file_reference","32",""),
("81c86837eb510576aba1b252137dc19b","tt_content","16","image","","","","1","0","sys_file_reference","26",""),
("83489ed8b259ec05e0a92f197e3b1929","sys_file_reference","27","uid_local","","","","0","0","sys_file","2",""),
("83e547bebf151c6d932f7bdc5487ef64","sys_file","9","storage","","","","0","0","sys_file_storage","1",""),
("864bcd0a8b3d7b9b573eb217ac431b7f","sys_file_reference","21","uid_local","","","","0","0","sys_file","2",""),
("8a09e6967f8bd9d332d591886c69f649","sys_file_reference","17","uid_local","","","","0","0","sys_file","2",""),
("91c28eee77139b9f43328f86845c3edd","sys_file_reference","22","uid_local","","","","0","0","sys_file","2",""),
("92c4acf207b72583c0f6a49eaf1f1daa","tt_content","15","image","","","","0","0","sys_file_reference","28",""),
("93004573d1d006a130ef069b9f27b1f9","sys_file","7","storage","","","","0","0","sys_file_storage","1",""),
("987d58da08240382d188ad258bf9f4c2","sys_file_reference","16","uid_local","","","","0","0","sys_file","2",""),
("9a016fba142e65efac97b2b2db136c2a","sys_category","1","items","","","","0","0","tx_news_domain_model_news","3",""),
("a1603497fe6ffb5e4fb72a3ffca4ed1e","tt_content","17","image","","","","0","0","sys_file_reference","22",""),
("a2259e8f8676d990d03b620a365e2b6f","sys_file_reference","6","uid_local","","","","0","0","sys_file","4",""),
("a2fab7a48522624abb58df05c4de391f","sys_file_reference","9","uid_local","","","","0","0","sys_file","4",""),
("a724a4560ec5d21f130c96cb4aa5df5e","tt_content","25","image","","","","0","0","sys_file_reference","34",""),
("a8a3f1c6b942a48148456e2b3cb8ee51","tx_news_domain_model_news","1","fal_media","","","","0","0","sys_file_reference","6",""),
("a8f4211173c19d58558661bbea0883b7","tt_content","16","image","","","","2","0","sys_file_reference","27",""),
("b33bc408d0e2d11d9d39dfdc6352113f","sys_template","1","constants","","url","12","-1","0","_STRING","0","https://www.github.com"),
("b670ddbadc06424f4997acabdc49c60d","sys_category","4","items","","","","0","0","tx_news_domain_model_news","4",""),
("b7cf2f1c32391bc2ecd1aa24590019e6","pages","1","media","","","","0","0","sys_file_reference","40",""),
("b7d1198f184203a3a585206497d15e3b","tt_content","18","image","","","","0","0","sys_file_reference","21",""),
("bab37143de5339e474516691bf0c5857","sys_file","4","storage","","","","0","0","sys_file_storage","1",""),
("bab5cc99b22629fde97acb7f51ab3250","sys_file_reference","36","uid_local","","","","0","0","sys_file","2",""),
("bd0015241adda434663f210b686042eb","sys_file_reference","8","uid_local","","","","0","0","sys_file","4",""),
("c28db817bc5f312de99ef1decd359f03","tt_content","24","image","","","","0","0","sys_file_reference","37",""),
("c303e5da3f724f4415b6ae48cc567d21","tt_content","36","pi_flexform","additional/lDEF/settings.detailPid/vDEF/","","","0","0","pages","12",""),
("c3dc4aacf0136de3c9d77be824b15f18","sys_category","1","items","","","","1","0","tx_news_domain_model_news","2",""),
("c4d07a40658c2cc55fcad8e49e0f7d4f","tx_news_domain_model_news","5","fal_media","","","","0","0","sys_file_reference","10",""),
("c8fbbd7d9783df3d2421d4671f5b4aa8","tx_news_domain_model_news","4","fal_media","","","","0","0","sys_file_reference","9",""),
("c960167bfaaccb3678df9b65db8cd8db","pages","15","shortcut","","","","0","0","pages","1",""),
("c97e1f17fabe05237a23d4ac824fc4d2","tt_content","19","image","","","","0","0","sys_file_reference","19",""),
("cecdf33af96c42818ab13cc7f9a5809f","tt_content","10","pi_flexform","sDEF/lDEF/settings.persistenceIdentifier/vDEF/","formPersistenceIdentifier","78734d7f64b10954721709d7fd2062d8","-1","0","sys_file","8",""),
("ced3a887e0e53b425c42a067ea219e8b","tt_content","17","image","","","","2","0","sys_file_reference","24",""),
("ced464897fb039628a03aee2121e61cd","sys_file_reference","11","uid_local","","","","0","0","sys_file","4",""),
("cf6713c04ce1c827f87cb87d921497b2","tt_content","2","pi_flexform","additional/lDEF/settings.backPid/vDEF/","","","0","0","pages","11",""),
("d187b4a0b8b0116ffad7d8dfa2ea0598","sys_template","1","constants","","url","22","-1","0","_STRING","0","https://fonts.googleapis.com/css?family=Open+Sans:300italic,400italic,600italic,700italic,800italic,400,300,600,700,800"),
("d2c31259d2f6e2a9dfafcee64ac6c51b","sys_file_reference","28","uid_local","","","","0","0","sys_file","2","");
INSERT INTO `sys_refindex` (`hash`, `tablename`, `recuid`, `field`, `flexpointer`, `softref_key`, `softref_id`, `sorting`, `workspace`, `ref_table`, `ref_uid`, `ref_string`) VALUES 
("d45c305b0fd59df275b2ec1bc54388c4","tt_content","12","image","","","","0","0","sys_file_reference","12",""),
("d78df65ab32461290bcb93655c0fe28f","tt_content","15","image","","","","1","0","sys_file_reference","29",""),
("d84630ffbe4dd90820febdea5a54682e","sys_category","3","items","","","","2","0","tx_news_domain_model_news","1",""),
("d97012401cf66695c3b3f1a8c8cfa395","tt_content","25","image","","","","2","0","sys_file_reference","36",""),
("dbf37d555188d4c39ad96b66fd462ddc","tt_content","4","pi_flexform","additional/lDEF/settings.backPid/vDEF/","","","0","0","pages","11",""),
("dc4995e8a26fa993dab989b48c61288c","tt_content","16","image","","","","0","0","sys_file_reference","25",""),
("dc5de105d7192312965e7ece9a88f002","tt_content","3","pages","","","","0","0","pages","7",""),
("dc8820cea432851b0fc3cbef80a0abc6","tt_content","14","image","","","","2","0","sys_file_reference","33",""),
("dca1f8f1ea47222d3f33967e34d3e879","sys_file_reference","4","uid_local","","","","0","0","sys_file","1",""),
("dd0b9667e4db4706b3ca5726f470c7bc","sys_template","1","constants","","url","27","-1","0","_STRING","0","https://www.nitsan.in"),
("e11c18e93be6f1b7e57a5f474c143487","tt_content","19","image","","","","1","0","sys_file_reference","20",""),
("e145b8db3461b9a51c922463cfa97359","tt_content","4","pi_flexform","additional/lDEF/settings.detailPid/vDEF/","","","0","0","pages","12",""),
("e4f16f19d2d502456171c80201b03548","pages","14","media","","","","0","0","sys_file_reference","1",""),
("e9f00c651e20f68825dea881d41b8f20","tt_content","5","image","","","","0","0","sys_file_reference","3",""),
("eee3acc5bb4d03f91b2c0b42e87d5c0b","sys_file_reference","18","uid_local","","","","0","0","sys_file","2",""),
("f0dfed8de4828b435023e85b42cef79b","sys_file_reference","25","uid_local","","","","0","0","sys_file","2",""),
("f3e5bbc17ecf7a9695d59da9e9947950","sys_file_reference","14","uid_local","","","","0","0","sys_file","2",""),
("f6d45bac6ed08ff913fb512f98d8d931","tx_news_domain_model_news","2","fal_media","","","","0","0","sys_file_reference","7",""),
("fd4244b324df34afc2cf9c37c9c08be3","sys_file_reference","3","uid_local","","","","0","0","sys_file","3",""),
("fe33e3a6289ced85600144112683de1a","sys_template","1","constants","","url","2","-1","0","_STRING","0","https://www.facebook.com");

--
--
-- Dumping data for table `sys_registry`
--

INSERT INTO `sys_registry` (`uid`, `entry_namespace`, `entry_key`, `entry_value`) VALUES 
("1","installUpdate","TYPO3\\CMS\\Install\\Updates\\FeeditExtractionUpdate","i:1;"),
("2","installUpdate","TYPO3\\CMS\\Install\\Updates\\TaskcenterExtractionUpdate","i:1;"),
("3","installUpdate","TYPO3\\CMS\\Install\\Updates\\SysActionExtractionUpdate","i:1;"),
("4","installUpdate","TYPO3\\CMS\\Install\\Updates\\SvgFilesSanitization","i:1;"),
("5","installUpdate","TYPO3\\CMS\\Install\\Updates\\ShortcutRecordsMigration","i:1;"),
("6","installUpdate","TYPO3\\CMS\\Install\\Updates\\CollectionsExtractionUpdate","i:1;"),
("7","installUpdate","TYPO3\\CMS\\Install\\Updates\\BackendUserLanguageMigration","i:1;"),
("8","installUpdate","TYPO3\\CMS\\Install\\Updates\\SysLogChannel","i:1;"),
("9","installUpdate","TYPO3\\CMS\\FrontendLogin\\Updates\\MigrateFeloginPlugins","i:1;"),
("10","installUpdateRows","rowUpdatersDone","a:4:{i:0;s:69:\"TYPO3\\CMS\\Install\\Updates\\RowUpdater\\WorkspaceVersionRecordsMigration\";i:1;s:66:\"TYPO3\\CMS\\Install\\Updates\\RowUpdater\\L18nDiffsourceToJsonMigration\";i:2;s:77:\"TYPO3\\CMS\\Install\\Updates\\RowUpdater\\WorkspaceMovePlaceholderRemovalMigration\";i:3;s:76:\"TYPO3\\CMS\\Install\\Updates\\RowUpdater\\WorkspaceNewPlaceholderRemovalMigration\";}"),
("11","core","formProtectionSessionToken:1","s:64:\"706973708910228c46899f1706c8206af69e561666021cc2b2f094f4b23419ac\";"),
("12","extensionDataImport","typo3conf/ext/ns_license/ext_tables_static+adt.sql","s:0:\"\";"),
("13","extensionDataImport","typo3conf/ext/news/ext_tables_static+adt.sql","s:0:\"\";"),
("14","extensionDataImport","typo3conf/ext/ns_basetheme/ext_tables_static+adt.sql","s:0:\"\";"),
("15","extensionDataImport","typo3conf/ext/ns_news_comments/ext_tables_static+adt.sql","s:0:\"\";"),
("16","extensionDataImport","typo3conf/ext/ns_theme_cleanblog/Initialisation/Files","i:1;"),
("17","extensionDataImport","typo3conf/ext/ns_theme_cleanblog/ext_tables_static+adt.sql","s:0:\"\";"),
("18","extensionDataImport","typo3conf/ext/ns_theme_cleanblog/Initialisation/dataImported","i:1;"),
("19","siteConfigImport","ns_theme_cleanblog","i:1;"),
("20","core","formProtectionSessionToken:2","s:64:\"fc271d98603727318eaedb29baea59e099905d6b7d2ccdcaa9923f41f1e0707d\";");

--
--
-- Dumping data for table `sys_template`
--

INSERT INTO `sys_template` (`uid`, `pid`, `tstamp`, `crdate`, `deleted`, `hidden`, `starttime`, `endtime`, `sorting`, `description`, `t3_origuid`, `title`, `root`, `clear`, `include_static_file`, `constants`, `config`, `basedOn`, `includeStaticAfterBasedOn`, `static_file_mode`, `tx_impexp_origuid`) VALUES 
("1","1","1683126883","1683126883","0","0","0","0","256","","0","T3 Blog","1","3","EXT:fluid_styled_content/Configuration/TypoScript/,EXT:form/Configuration/TypoScript/,EXT:news/Configuration/TypoScript,EXT:ns_news_comments/Configuration/TypoScript,EXT:ns_basetheme/Configuration/TypoScript,EXT:ns_theme_cleanblog/Configuration/TypoScript","styles.content.textmedia.maxW = 2000\nstyles.content.textmedia.maxWInText = 2000\nstyles.content.textmedia.linkWrap.lightboxEnabled = 1\nns_theme_cleanblog.website.settings.facebook = https://www.facebook.com\nns_theme_cleanblog.website.settings.twitter = https://www.twitter.com\nns_theme_cleanblog.website.settings.github = https://www.github.com\nsite_default.website.settings.logo = T3 Blog\nns_theme_cleanblog.website.colors.defaultColor = \nns_theme_cleanblog.website.colors.brandColor = \nns_theme_cleanblog.website.colors.aHoverColor = \nns_theme_cleanblog.website.colors.buttonHoverColor = \nns_theme_cleanblog.website.colors.headingColor = \nns_theme_cleanblog.website.colors.bodyBackgroundColor = \nns_theme_cleanblog.website.colors.buttonColor = \nns_theme_cleanblog.website.colors.backgroundColor = \nns_theme_cleanblog.website.colors.defaultLinkColor = \nns_theme_cleanblog.website.fonts.headerMenu = 1\nns_theme_cleanblog.website.fonts.headingFontsName = \'Lora\'\nns_theme_cleanblog.website.fonts.headingFontsURL = https://fonts.googleapis.com/css?family=Lora:400,700,400italic,700italic\nns_theme_cleanblog.website.fonts.defaultFontsName = \'Lora\'\nns_theme_cleanblog.website.fonts.googleFontURL = https://fonts.googleapis.com/css?family=Open+Sans:300italic,400italic,600italic,700italic,800italic,400,300,600,700,800\nns_theme_cleanblog.website.settings.auth-detail = 36\nns_theme_cleanblog.website.settings.rootpage = 1\nplugin.tx_nsnewscomments.settings.approveComment = 0\nplugin.tx_nsnewscomments.settings.FontAwesomeCss = \nplugin.tx_nsnewscomments.settings.Minjs = EXT:ns_news_comments/Resources/Public/js/jquery-2.2.4.min.js\nns_basetheme.website.settings.main_menu = 8\nns_basetheme.website.settings.cookie.settings.url = 4\nns_basetheme.website.settings.cookie.settings.dismissOnScroll = 0\nns_basetheme.website.settings.cookie.settings.palette.button.background = #868E96\nns_basetheme.website.settings.cookie.settings.palette.button.text = #000000\nns_basetheme.website.settings.cookie.settings.palette.popup.background = #000000\nns_basetheme.website.settings.cookie.settings.palette.popup.text = #FFFFFF\nns_basetheme.website.settings.logo = fileadmin/ns_theme_cleanblog/T3-blog-logo-white.svg\nns_basetheme.website.settings.copyright = T3Terminal |\nns_theme_cleanblog.website.hfooter.linktext = NITSAN Technologies Pvt Ltd\nns_theme_cleanblog.website.hfooter.link = https://www.nitsan.in\nns_basetheme.website.settings.favicon = fileadmin/ns_theme_cleanblog/favicon.ico\nns_basetheme.website.settings.logo_width = \nns_basetheme.website.settings.logo_height = \nns_basetheme.website.settings.logo_text = \nns_basetheme.website.settings.compress_cssjs = 0\nplugin.tx_nsnewscomments.settings.storagePid = 0\nplugin.tx_news.view.templateRootPath = EXT:ns_theme_cleanblog/Resources/Private/Extensions/news/Templates/\nplugin.tx_news.view.partialRootPath = EXT:ns_theme_cleanblog/Resources/Private/Extensions/news/Partials/\nplugin.tx_news.view.layoutRootPath = EXT:ns_theme_cleanblog/Resources/Private/Extensions/news/Layouts/\nplugin.tx_nsnewscomments.view.templateRootPath = EXT:ns_theme_cleanblog/Resources/Private/Extensions/Newscomment/Templates/\nplugin.tx_nsnewscomments.view.partialRootPath = EXT:ns_theme_cleanblog/Resources/Private/Extensions/Newscomment/Partials/\nplugin.tx_nsnewscomments.view.layoutRootPath = EXT:ns_theme_cleanblog/Resources/Private/Extensions/Newscomment/Layouts/","","","0","3","1");

--
--
-- Dumping data for table `tt_content`
--

INSERT INTO `tt_content` (`uid`, `rowDescription`, `pid`, `tstamp`, `crdate`, `deleted`, `hidden`, `starttime`, `endtime`, `fe_group`, `sorting`, `editlock`, `sys_language_uid`, `l18n_parent`, `l10n_source`, `l10n_state`, `t3_origuid`, `l18n_diffsource`, `t3ver_oid`, `t3ver_wsid`, `t3ver_state`, `t3ver_stage`, `CType`, `header`, `header_position`, `bodytext`, `bullets_type`, `uploads_description`, `uploads_type`, `assets`, `image`, `imagewidth`, `imageorient`, `imagecols`, `imageborder`, `media`, `layout`, `frame_class`, `cols`, `space_before_class`, `space_after_class`, `records`, `pages`, `colPos`, `subheader`, `header_link`, `image_zoom`, `header_layout`, `list_type`, `sectionIndex`, `linkToTop`, `file_collections`, `filelink_size`, `filelink_sorting`, `filelink_sorting_direction`, `target`, `date`, `recursive`, `imageheight`, `pi_flexform`, `accessibility_title`, `accessibility_bypass`, `accessibility_bypass_text`, `category_field`, `table_class`, `table_caption`, `table_delimiter`, `table_enclosure`, `table_header_position`, `table_tfoot`, `categories`, `selected_categories`, `tx_impexp_origuid`) VALUES 
("1","","14","1683126883","1683126883","0","0","0","0","","256","0","0","0","0","","0","a:24:{s:5:\"CType\";N;s:6:\"colPos\";N;s:6:\"header\";N;s:13:\"header_layout\";N;s:15:\"header_position\";N;s:4:\"date\";N;s:11:\"header_link\";N;s:9:\"subheader\";N;s:8:\"bodytext\";N;s:6:\"layout\";N;s:11:\"frame_class\";N;s:18:\"space_before_class\";N;s:17:\"space_after_class\";N;s:12:\"sectionIndex\";N;s:9:\"linkToTop\";N;s:16:\"sys_language_uid\";N;s:6:\"hidden\";N;s:9:\"starttime\";N;s:7:\"endtime\";N;s:8:\"fe_group\";N;s:8:\"editlock\";N;s:10:\"categories\";N;s:14:\"rowDescription\";N;s:25:\"tx_gridelements_container\";N;}","0","0","0","0","text","","","<p>The best free TYPO3 Blog websites templates based on Bootstrap 4 what makes them fully responsive and mobile friendly. What’s more, they are all compatible with the modern web browsers and quick to edit.</p>\n<p>You can use these superb blog templates for lifestyle, food, personal, fashion, finance, travel, technology or any other blogging project. Due to the fact how heavy they are loaded with outstanding features, all our templates for bloggers do not give a feel they are free at all.</p>\n<p>The designs we have in store for you are neat and trendy with great customizing functions. Change the color to fit your branding, edit the elements and fill the spaces with your content. With the right blend of everything and a strong emphasis on providing quality content, you march toward success with a firm step.</p>","0","0","0","0","0","0","0","2","0","0","0","default","0","","","","","0","","","0","0","","1","0","","0","","","","0","0","0","","","0","","","","","124","0","0","0","0","0","1"),
("2","","13","1683129337","1683126883","0","0","0","0","","256","0","0","0","0","","28","{\"CType\":\"\",\"colPos\":\"\",\"header\":\"\",\"header_layout\":\"\",\"header_position\":\"\",\"date\":\"\",\"header_link\":\"\",\"subheader\":\"\",\"pi_flexform\":\"\",\"layout\":\"\",\"frame_class\":\"\",\"space_before_class\":\"\",\"space_after_class\":\"\",\"sectionIndex\":\"\",\"linkToTop\":\"\",\"sys_language_uid\":\"\",\"hidden\":\"\",\"starttime\":\"\",\"endtime\":\"\",\"fe_group\":\"\",\"editlock\":\"\",\"categories\":\"\",\"rowDescription\":\"\"}","0","0","0","0","news_pi1","","","","0","0","0","0","0","0","0","2","0","0","0","default","0","","","","","0","","","0","0","","1","0","","0","","","","0","0","0","<?xml version=\"1.0\" encoding=\"utf-8\" standalone=\"yes\" ?>\n<T3FlexForms>\n    <data>\n        <sheet index=\"sDEF\">\n            <language index=\"lDEF\">\n                <field index=\"settings.orderBy\">\n                    <value index=\"vDEF\"></value>\n                </field>\n                <field index=\"settings.orderDirection\">\n                    <value index=\"vDEF\"></value>\n                </field>\n                <field index=\"settings.categoryConjunction\">\n                    <value index=\"vDEF\"></value>\n                </field>\n                <field index=\"settings.categories\">\n                    <value index=\"vDEF\"></value>\n                </field>\n                <field index=\"settings.includeSubCategories\">\n                    <value index=\"vDEF\">0</value>\n                </field>\n                <field index=\"settings.archiveRestriction\">\n                    <value index=\"vDEF\"></value>\n                </field>\n                <field index=\"settings.timeRestriction\">\n                    <value index=\"vDEF\"></value>\n                </field>\n                <field index=\"settings.timeRestrictionHigh\">\n                    <value index=\"vDEF\"></value>\n                </field>\n                <field index=\"settings.topNewsRestriction\">\n                    <value index=\"vDEF\"></value>\n                </field>\n                <field index=\"settings.startingpoint\">\n                    <value index=\"vDEF\"></value>\n                </field>\n                <field index=\"settings.recursive\">\n                    <value index=\"vDEF\"></value>\n                </field>\n                <field index=\"settings.selectedList\">\n                    <value index=\"vDEF\"></value>\n                </field>\n                <field index=\"switchableControllerActions\">\n                    <value index=\"vDEF\">News-&gt;list;News-&gt;detail</value>\n                </field>\n                <field index=\"settings.dateField\">\n                    <value index=\"vDEF\"></value>\n                </field>\n                <field index=\"settings.previewHiddenRecords\">\n                    <value index=\"vDEF\">2</value>\n                </field>\n            </language>\n        </sheet>\n        <sheet index=\"additional\">\n            <language index=\"lDEF\">\n                <field index=\"settings.detailPid\">\n                    <value index=\"vDEF\">12</value>\n                </field>\n                <field index=\"settings.listPid\">\n                    <value index=\"vDEF\">13</value>\n                </field>\n                <field index=\"settings.backPid\">\n                    <value index=\"vDEF\">11</value>\n                </field>\n                <field index=\"settings.limit\">\n                    <value index=\"vDEF\"></value>\n                </field>\n                <field index=\"settings.offset\">\n                    <value index=\"vDEF\"></value>\n                </field>\n                <field index=\"settings.tags\">\n                    <value index=\"vDEF\"></value>\n                </field>\n                <field index=\"settings.hidePagination\">\n                    <value index=\"vDEF\">0</value>\n                </field>\n                <field index=\"settings.list.paginate.itemsPerPage\">\n                    <value index=\"vDEF\">2</value>\n                </field>\n                <field index=\"settings.topNewsFirst\">\n                    <value index=\"vDEF\">0</value>\n                </field>\n                <field index=\"settings.excludeAlreadyDisplayedNews\">\n                    <value index=\"vDEF\">0</value>\n                </field>\n                <field index=\"settings.disableOverrideDemand\">\n                    <value index=\"vDEF\">1</value>\n                </field>\n            </language>\n        </sheet>\n        <sheet index=\"template\">\n            <language index=\"lDEF\">\n                <field index=\"settings.media.maxWidth\">\n                    <value index=\"vDEF\"></value>\n                </field>\n                <field index=\"settings.media.maxHeight\">\n                    <value index=\"vDEF\"></value>\n                </field>\n                <field index=\"settings.cropMaxCharacters\">\n                    <value index=\"vDEF\"></value>\n                </field>\n                <field index=\"settings.templateLayout\">\n                    <value index=\"vDEF\"></value>\n                </field>\n            </language>\n        </sheet>\n    </data>\n</T3FlexForms>","","0","","","","","124","0","0","0","0","0","2"),
("3","","12","1683129371","1683126883","0","1","0","0","","256","0","0","0","0","","0","{\"hidden\":\"\"}","0","0","0","0","list","","","","0","0","0","0","0","0","0","2","0","0","0","default","0","","","","7","0","","","0","0","nsnewscomments_newscomment","1","0","","0","","","","0","0","0","<?xml version=\"1.0\" encoding=\"utf-8\" standalone=\"yes\" ?>\n<T3FlexForms>\n    <data>\n        <sheet index=\"sDEF\">\n            <language index=\"lDEF\">\n                <field index=\"settings.custom\">\n                    <value index=\"vDEF\">0</value>\n                </field>\n                <field index=\"settings.dateFormat\">\n                    <value index=\"vDEF\">F j, Y</value>\n                </field>\n                <field index=\"settings.timeFormat\">\n                    <value index=\"vDEF\">g:i a</value>\n                </field>\n                <field index=\"settings.captcha\">\n                    <value index=\"vDEF\">1</value>\n                </field>\n                <field index=\"settings.usrimage\">\n                    <value index=\"vDEF\"></value>\n                </field>\n            </language>\n        </sheet>\n        <sheet index=\"userSettings\">\n            <language index=\"lDEF\">\n                <field index=\"settings.userSettings\">\n                    <value index=\"vDEF\">anonymoususer</value>\n                </field>\n            </language>\n        </sheet>\n    </data>\n</T3FlexForms>","","0","","","","","124","0","0","0","0","0","3"),
("4","","12","1683129359","1683126883","0","0","0","0","","128","0","0","0","0","","0","{\"CType\":\"\",\"colPos\":\"\",\"header\":\"\",\"header_layout\":\"\",\"header_position\":\"\",\"date\":\"\",\"header_link\":\"\",\"subheader\":\"\",\"pi_flexform\":\"\",\"layout\":\"\",\"frame_class\":\"\",\"space_before_class\":\"\",\"space_after_class\":\"\",\"sectionIndex\":\"\",\"linkToTop\":\"\",\"sys_language_uid\":\"\",\"hidden\":\"\",\"starttime\":\"\",\"endtime\":\"\",\"fe_group\":\"\",\"editlock\":\"\",\"categories\":\"\",\"rowDescription\":\"\"}","0","0","0","0","news_pi1","","","","0","0","0","0","0","0","0","2","0","0","0","default","0","","","","","0","","","0","0","","1","0","","0","","","","0","0","0","<?xml version=\"1.0\" encoding=\"utf-8\" standalone=\"yes\" ?>\n<T3FlexForms>\n    <data>\n        <sheet index=\"sDEF\">\n            <language index=\"lDEF\">\n                <field index=\"settings.orderBy\">\n                    <value index=\"vDEF\"></value>\n                </field>\n                <field index=\"settings.orderDirection\">\n                    <value index=\"vDEF\"></value>\n                </field>\n                <field index=\"settings.categoryConjunction\">\n                    <value index=\"vDEF\"></value>\n                </field>\n                <field index=\"settings.categories\">\n                    <value index=\"vDEF\"></value>\n                </field>\n                <field index=\"settings.includeSubCategories\">\n                    <value index=\"vDEF\">0</value>\n                </field>\n                <field index=\"settings.archiveRestriction\">\n                    <value index=\"vDEF\"></value>\n                </field>\n                <field index=\"settings.timeRestriction\">\n                    <value index=\"vDEF\"></value>\n                </field>\n                <field index=\"settings.timeRestrictionHigh\">\n                    <value index=\"vDEF\"></value>\n                </field>\n                <field index=\"settings.topNewsRestriction\">\n                    <value index=\"vDEF\"></value>\n                </field>\n                <field index=\"settings.startingpoint\">\n                    <value index=\"vDEF\">7</value>\n                </field>\n                <field index=\"settings.recursive\">\n                    <value index=\"vDEF\"></value>\n                </field>\n                <field index=\"settings.selectedList\">\n                    <value index=\"vDEF\"></value>\n                </field>\n                <field index=\"settings.singleNews\">\n                    <value index=\"vDEF\"></value>\n                </field>\n                <field index=\"settings.previewHiddenRecords\">\n                    <value index=\"vDEF\">2</value>\n                </field>\n                <field index=\"switchableControllerActions\">\n                    <value index=\"vDEF\">News-&gt;detail</value>\n                </field>\n                <field index=\"settings.dateField\">\n                    <value index=\"vDEF\"></value>\n                </field>\n            </language>\n        </sheet>\n        <sheet index=\"additional\">\n            <language index=\"lDEF\">\n                <field index=\"settings.detailPid\">\n                    <value index=\"vDEF\">12</value>\n                </field>\n                <field index=\"settings.listPid\">\n                    <value index=\"vDEF\"></value>\n                </field>\n                <field index=\"settings.backPid\">\n                    <value index=\"vDEF\">11</value>\n                </field>\n                <field index=\"settings.limit\">\n                    <value index=\"vDEF\"></value>\n                </field>\n                <field index=\"settings.offset\">\n                    <value index=\"vDEF\"></value>\n                </field>\n                <field index=\"settings.tags\">\n                    <value index=\"vDEF\"></value>\n                </field>\n                <field index=\"settings.hidePagination\">\n                    <value index=\"vDEF\">0</value>\n                </field>\n                <field index=\"settings.list.paginate.itemsPerPage\">\n                    <value index=\"vDEF\"></value>\n                </field>\n                <field index=\"settings.topNewsFirst\">\n                    <value index=\"vDEF\">0</value>\n                </field>\n                <field index=\"settings.excludeAlreadyDisplayedNews\">\n                    <value index=\"vDEF\">0</value>\n                </field>\n                <field index=\"settings.disableOverrideDemand\">\n                    <value index=\"vDEF\">1</value>\n                </field>\n            </language>\n        </sheet>\n        <sheet index=\"template\">\n            <language index=\"lDEF\">\n                <field index=\"settings.media.maxWidth\">\n                    <value index=\"vDEF\">2000</value>\n                </field>\n                <field index=\"settings.media.maxHeight\">\n                    <value index=\"vDEF\">1000</value>\n                </field>\n                <field index=\"settings.cropMaxCharacters\">\n                    <value index=\"vDEF\"></value>\n                </field>\n                <field index=\"settings.templateLayout\">\n                    <value index=\"vDEF\"></value>\n                </field>\n            </language>\n        </sheet>\n    </data>\n</T3FlexForms>","","0","","","","","124","0","0","0","0","0","4"),
("5","","11","1683126883","1683126883","0","0","0","0","","256","0","0","0","0","","0","{\"bodytext\":\"\"}","0","0","0","0","textpic","","","<p>Space, the final frontier. These are the voyages of the Starship Enterprise. Its five-year mission: to explore strange new worlds, to seek out new life and new civilizations, to boldly go where no man has gone before.</p>\n<p>As I stand out here in the wonders of the unknown at Hadley, I sort of realize there’s a fundamental truth to our nature, Man must explore, and this is exploration at its greatest.</p>\n<p>Placeholder text by&nbsp;<a href=\"http://spaceipsum.com/\">Space Ipsum</a>. Photographs by&nbsp;<a href=\"https://www.flickr.com/photos/nasacommons/\">NASA on The Commons</a>.</p>","0","0","0","0","1","0","0","2","0","0","0","default","0","","","","","0","","","0","0","","1","0","","0","","","","0","0","0","","","0","","","","","124","0","0","0","0","0","5"),
("6","","11","1683126883","1683126883","0","0","0","0","","128","0","0","0","0","","0","a:1:{s:6:\"hidden\";N;}","0","0","0","0","text","Reaching for the Stars","","<p>As we got further and further away, it [the Earth] diminished in size. Finally it shrank to the size of a marble, the most beautiful you can imagine. That beautiful, warm, living object looked so fragile, so delicate, that if you touched it with a finger it would crumble and fall apart. Seeing this has to change a man.</p>","0","0","0","0","0","0","0","2","0","0","0","default","0","","","","","0","","","0","0","","1","0","","0","","","","0","0","0","","","0","","","","","124","0","0","0","0","0","6"),
("7","","11","1683126883","1683126883","0","0","0","0","","64","0","0","0","0","","0","a:1:{s:6:\"hidden\";N;}","0","0","0","0","text","","","<p>Science cuts two ways, of course; its products can be used for both good and evil. But there\'s no turning back from science. The early warnings about technological dangers also come from science.</p>\n<p>What was most significant about the lunar voyage was not that man set foot on the Moon but that they set eye on the earth.</p>\n<p>A Chinese tale tells of some men sent to harm a young girl who, upon seeing her beauty, become her protectors rather than her violators. That\'s how I felt seeing the Earth for the first time. I could not help but love and cherish her.</p>\n<p>For those who have seen the Earth from space, and for the hundreds and perhaps thousands more who will, the experience most certainly changes your perspective. The things that we share in our world are far more valuable than those which divide us.</p>","0","0","0","0","0","0","0","2","0","0","0","default","0","","","","","0","","","0","0","","1","0","","0","","","","0","0","0","","","0","","","","","124","0","0","0","0","0","7"),
("8","","11","1683126883","1683126883","0","0","0","0","","32","0","0","0","0","","0","a:1:{s:6:\"hidden\";N;}","0","0","0","0","text","Man must explore, and this is exploration at its greatest","","<p>Never in all their history have men been able truly to conceive of the world as one: a single sphere, a globe, having the qualities of a globe, a round earth in which all the directions eventually meet, in which there is no center because every point, or none, is center — an equal earth which all men occupy as equals. The airman\'s earth, if free men make it, will be truly round: a globe in practice, not in theory.</p>","0","0","0","0","0","0","0","2","0","0","0","default","0","","","","","0","","","0","0","","1","0","","0","","","","0","0","0","","","0","","","","","124","0","0","0","0","0","8"),
("9","","10","1683129639","1683126883","0","0","0","0","","256","0","0","0","0","","33","{\"hidden\":\"\"}","0","0","0","0","text","","","<p>Thank you for contact to us. We will get back to you soon!!</p>","0","0","0","0","0","0","0","2","0","0","0","default","0","","","","","0","","","0","0","","1","0","","0","","","","0","0","0","","","0","","","","","124","0","0","0","0","0","9"),
("10","","9","1683126883","1683126883","0","0","0","0","","256","0","0","0","0","","0","{\"pi_flexform\":\"\"}","0","0","0","0","form_formframework","","","","0","0","0","0","0","0","0","2","0","0","0","default","0","","","","","0","","","0","0","","1","0","","0","","","","0","0","0","<?xml version=\"1.0\" encoding=\"utf-8\" standalone=\"yes\" ?>\n<T3FlexForms>\n    <data>\n        <sheet index=\"sDEF\">\n            <language index=\"lDEF\">\n                <field index=\"settings.persistenceIdentifier\">\n                    <value index=\"vDEF\">1:/ns_theme_cleanblog/Forms/contactForm.form.yaml</value>\n                </field>\n                <field index=\"settings.overrideFinishers\">\n                    <value index=\"vDEF\">0</value>\n                </field>\n            </language>\n        </sheet>\n        <sheet index=\"7652cb72b9c881a302f0f6899924d766\">\n            <language index=\"lDEF\">\n                <field index=\"settings.finishers.Redirect.pageUid\">\n                    <value index=\"vDEF\">pages_35</value>\n                </field>\n                <field index=\"settings.finishers.Redirect.additionalParameters\">\n                    <value index=\"vDEF\"></value>\n                </field>\n            </language>\n        </sheet>\n        <sheet index=\"dbce6182c0d3006b601d0c43a4eb2502\">\n            <language index=\"lDEF\">\n                <field index=\"settings.finishers.EmailToSender.subject\">\n                    <value index=\"vDEF\">Your inquiry has been submitted</value>\n                </field>\n                <field index=\"settings.finishers.EmailToSender.recipientAddress\">\n                    <value index=\"vDEF\">{email-1}</value>\n                </field>\n                <field index=\"settings.finishers.EmailToSender.recipientName\">\n                    <value index=\"vDEF\">{text-1}</value>\n                </field>\n                <field index=\"settings.finishers.EmailToSender.senderAddress\">\n                    <value index=\"vDEF\">info@nitsan.in</value>\n                </field>\n                <field index=\"settings.finishers.EmailToSender.senderName\">\n                    <value index=\"vDEF\">Nitsan</value>\n                </field>\n                <field index=\"settings.finishers.EmailToSender.replyToAddress\">\n                    <value index=\"vDEF\">info@nitsan.in</value>\n                </field>\n                <field index=\"settings.finishers.EmailToSender.carbonCopyAddress\">\n                    <value index=\"vDEF\"></value>\n                </field>\n                <field index=\"settings.finishers.EmailToSender.blindCarbonCopyAddress\">\n                    <value index=\"vDEF\"></value>\n                </field>\n                <field index=\"settings.finishers.EmailToSender.format\">\n                    <value index=\"vDEF\">html</value>\n                </field>\n            </language>\n        </sheet>\n        <sheet index=\"d62ac7f93c87824d80f8b34615bb3ce5\">\n            <language index=\"lDEF\">\n                <field index=\"settings.finishers.EmailToReceiver.subject\">\n                    <value index=\"vDEF\">New Inquiry from clean blog form</value>\n                </field>\n                <field index=\"settings.finishers.EmailToReceiver.recipientAddress\">\n                    <value index=\"vDEF\">info@nitsan.in</value>\n                </field>\n                <field index=\"settings.finishers.EmailToReceiver.recipientName\">\n                    <value index=\"vDEF\">Nitsan</value>\n                </field>\n                <field index=\"settings.finishers.EmailToReceiver.senderAddress\">\n                    <value index=\"vDEF\">{email-1}</value>\n                </field>\n                <field index=\"settings.finishers.EmailToReceiver.senderName\">\n                    <value index=\"vDEF\">{text-1}</value>\n                </field>\n                <field index=\"settings.finishers.EmailToReceiver.replyToAddress\">\n                    <value index=\"vDEF\">{email-1}</value>\n                </field>\n                <field index=\"settings.finishers.EmailToReceiver.carbonCopyAddress\">\n                    <value index=\"vDEF\"></value>\n                </field>\n                <field index=\"settings.finishers.EmailToReceiver.blindCarbonCopyAddress\">\n                    <value index=\"vDEF\"></value>\n                </field>\n                <field index=\"settings.finishers.EmailToReceiver.format\">\n                    <value index=\"vDEF\">html</value>\n                </field>\n                <field index=\"settings.finishers.EmailToReceiver.translation.language\">\n                    <value index=\"vDEF\">default</value>\n                </field>\n            </language>\n        </sheet>\n    </data>\n</T3FlexForms>","","0","","","","","124","0","0","0","0","0","10"),
("11","","9","1683126883","1683126883","0","0","0","0","","128","0","0","0","0","","0","","0","0","0","0","text","","","<p>Want to get in touch? Fill out the form below to send me a message and I will get back to you as soon as possible!</p>","0","0","0","0","0","0","0","2","0","0","0","default","0","","","","","0","","","0","0","","1","0","","0","","","","0","0","0","","","0","","","","","124","0","0","0","0","0","11"),
("12","","7","1683126883","1683126883","0","0","0","0","","1","0","0","0","0","","0","{\"bodytext\":\"\"}","0","0","0","0","textpic","","","<p>Space, the final frontier. These are the voyages of the Starship Enterprise. Its five-year mission: to explore strange new worlds, to seek out new life and new civilizations, to boldly go where no man has gone before.</p>\n<p>As I stand out here in the wonders of the unknown at Hadley, I sort of realize there’s a fundamental truth to our nature, Man must explore, and this is exploration at its greatest.</p>\n<p>Placeholder text by <a href=\"http://spaceipsum.com/\">Space Ipsum</a>. Photographs by <a href=\"https://www.flickr.com/photos/nasacommons/\">NASA on The Commons</a>.</p>","0","0","0","0","1","0","0","2","0","0","0","default","0","","","","","0","","","1","0","","1","0","","0","","","","0","0","0","","","0","","","","","124","0","0","0","0","0","12"),
("13","","5","1683126883","1683126883","0","0","0","0","","1280","0","0","0","0","","0","{\"pi_flexform\":\"\"}","0","0","0","0","form_formframework","","","","0","0","0","0","0","0","0","2","0","0","0","default","0","medium","","","","0","","","0","0","","1","0","","0","","","","0","0","0","<?xml version=\"1.0\" encoding=\"utf-8\" standalone=\"yes\" ?>\n<T3FlexForms>\n    <data>\n        <sheet index=\"sDEF\">\n            <language index=\"lDEF\">\n                <field index=\"settings.persistenceIdentifier\">\n                    <value index=\"vDEF\">1:/ns_theme_cleanblog/Forms/contactForm.form.yaml</value>\n                </field>\n                <field index=\"settings.overrideFinishers\">\n                    <value index=\"vDEF\">0</value>\n                </field>\n            </language>\n        </sheet>\n    </data>\n</T3FlexForms>","","0","","","","","124","0","0","0","0","0","13"),
("14","","5","1683126883","1683126883","0","0","0","0","","1152","0","0","0","0","","0","{\"image\":\"\"}","0","0","0","0","textpic","Headline 2 4x3","","<p>Lorem ipsum dolor sit amet, consetetur sadipscing elitr, sed diam nonumy eirmod tempor invidunt ut labore et dolore magna aliquyam erat, sed diam voluptua. At vero eos et accusam et justo duo dolores et ea rebum. Stet clita kasd gubergren, no sea takimata sanctus est Lorem ipsum dolor sit amet. Lorem ipsum dolor sit amet, consetetur sadipscing elitr, sed diam nonumy eirmod tempor invidunt ut labore et dolore magna aliquyam erat, sed diam voluptua. At vero eos et accusam et justo duo dolores et ea rebum. Stet clita kasd gubergren, no sea takimata sanctus est Lorem ipsum dolor sit amet. Lorem ipsum dolor sit amet, consetetur sadipscing elitr, sed diam nonumy eirmod tempor invidunt ut labore et dolore magna aliquyam erat, sed diam voluptua. At vero eos et accusam et justo duo dolores et ea rebum. Stet clita kasd gubergren, no sea takimata sanctus est Lorem ipsum dolor sit amet. &nbsp; &nbsp; Lorem ipsum dolor sit amet, consetetur sadipscing elitr, sed diam nonumy eirmod tempor invidunt ut labore et dolore magna aliquyam erat, sed diam voluptua. At vero eos et accusam et justo duo dolores et ea rebum. Stet clita kasd gubergren, no sea takimata sanctus est Lorem ipsum dolor sit amet.</p>","0","0","0","0","3","200","26","1","0","0","0","default","0","","","","","0","","","0","0","","1","0","","0","","","","0","0","200","","","0","","","","","124","0","0","0","0","0","14"),
("15","","5","1683126883","1683126883","0","0","0","0","","1088","0","0","0","0","","38","{\"image\":\"\"}","0","0","0","0","textpic","","","<h2>Headline 1 4x3</h2>\n<p>Lorem ipsum dolor sit amet, consetetur sadipscing elitr, sed diam nonumy eirmod tempor invidunt ut labore et dolore magna aliquyam erat, sed diam voluptua. At vero eos et accusam et justo duo dolores et ea rebum. Stet clita kasd gubergren, no sea takimata sanctus est Lorem ipsum dolor sit amet. Lorem ipsum dolor sit amet, consetetur sadipscing elitr, sed diam nonumy eirmod tempor invidunt ut labore et dolore magna aliquyam erat, sed diam voluptua. At vero eos et accusam et justo duo dolores et ea rebum. Stet clita kasd gubergren, no sea takimata sanctus est Lorem ipsum dolor sit amet. Lorem ipsum dolor sit amet, consetetur sadipscing elitr, sed diam nonumy eirmod tempor invidunt ut labore et dolore magna aliquyam erat, sed diam voluptua. At vero eos et accusam et justo duo dolores et ea rebum. Stet clita kasd gubergren, no sea takimata sanctus est Lorem ipsum dolor sit amet. &nbsp; &nbsp; Lorem ipsum dolor sit amet, consetetur sadipscing elitr, sed diam nonumy eirmod tempor invidunt ut labore et dolore magna aliquyam erat, sed diam voluptua. At vero eos et accusam et justo duo dolores et ea rebum. Stet clita kasd gubergren, no sea takimata sanctus est Lorem ipsum dolor sit amet.</p>","0","0","0","0","3","0","9","1","0","0","0","default","0","extra-small","","","","0","","","0","0","","1","0","","0","","","","0","0","0","","","0","","","","","124","0","0","0","0","0","15"),
("16","","5","1683126883","1683126883","0","0","0","0","","1056","0","0","0","0","","0","{\"image\":\"\"}","0","0","0","0","textpic","","","<h2>Headline 2 4x3</h2>\n<p>Lorem ipsum dolor sit amet, consetetur sadipscing elitr, sed diam nonumy eirmod tempor invidunt ut labore et dolore magna aliquyam erat, sed diam voluptua. At vero eos et accusam et justo duo dolores et ea rebum. Stet clita kasd gubergren, no sea takimata sanctus est Lorem ipsum dolor sit amet. Lorem ipsum dolor sit amet, consetetur sadipscing elitr, sed diam nonumy eirmod tempor invidunt ut labore et dolore magna aliquyam erat, sed diam voluptua. At vero eos et accusam et justo duo dolores et ea rebum. Stet clita kasd gubergren, no sea takimata sanctus est Lorem ipsum dolor sit amet. Lorem ipsum dolor sit amet, consetetur sadipscing elitr, sed diam nonumy eirmod tempor invidunt ut labore et dolore magna aliquyam erat, sed diam voluptua. At vero eos et accusam et justo duo dolores et ea rebum. Stet clita kasd gubergren, no sea takimata sanctus est Lorem ipsum dolor sit amet. &nbsp; &nbsp; Lorem ipsum dolor sit amet, consetetur sadipscing elitr, sed diam nonumy eirmod tempor invidunt ut labore et dolore magna aliquyam erat, sed diam voluptua. At vero eos et accusam et justo duo dolores et ea rebum. Stet clita kasd gubergren, no sea takimata sanctus est Lorem ipsum dolor sit amet.</p>","0","0","0","0","3","200","10","1","0","0","0","default","0","extra-small","","","","0","","","0","0","","1","0","","0","","","","0","0","200","","","0","","","","","124","0","0","0","0","0","16"),
("17","","5","1683126883","1683126883","0","0","0","0","","1040","0","0","0","0","","0","{\"image\":\"\"}","0","0","0","0","textpic","","","<h2>Headline 5 4x3</h2>\n<p>Lorem ipsum dolor sit amet, consetetur sadipscing elitr, sed diam nonumy eirmod tempor invidunt ut labore et dolore magna aliquyam erat, sed diam voluptua. At vero eos et accusam et justo duo dolores et ea rebum. Stet clita kasd gubergren, no sea takimata sanctus est Lorem ipsum dolor sit amet. Lorem ipsum dolor sit amet, consetetur sadipscing elitr, sed diam nonumy eirmod tempor invidunt ut labore et dolore magna aliquyam erat, sed diam voluptua. At vero eos et accusam et justo duo dolores et ea rebum. Stet clita kasd gubergren, no sea takimata sanctus est Lorem ipsum dolor sit amet. Lorem ipsum dolor sit amet, consetetur sadipscing elitr, sed diam nonumy eirmod tempor invidunt ut labore et dolore magna aliquyam erat, sed diam voluptua. At vero eos et accusam et justo duo dolores et ea rebum. Stet clita kasd gubergren, no sea takimata sanctus est Lorem ipsum dolor sit amet.&nbsp;Lorem ipsum dolor sit amet, consetetur sadipscing elitr, sed diam nonumy eirmod tempor invidunt ut labore et dolore magna aliquyam erat, sed diam voluptua. At vero eos et accusam et justo duo dolores et ea rebum. Stet clita kasd gubergren, no sea takimata sanctus est Lorem ipsum dolor sit amet.</p>","0","0","0","0","3","200","25","1","0","0","0","default","0","extra-small","","","","0","","","0","0","","1","0","","0","","","","0","0","200","","","0","","","","","124","0","0","0","0","0","17"),
("18","","5","1683126883","1683126883","0","0","0","0","","1032","0","0","0","0","","0","{\"image\":\"\"}","0","0","0","0","textpic","Headline 5 4x3","","<p>Lorem ipsum dolor sit amet, consetetur sadipscing elitr, sed diam nonumy eirmod tempor invidunt ut labore et dolore magna aliquyam erat, sed diam voluptua. At vero eos et accusam et justo duo dolores et ea rebum. Stet clita kasd gubergren, no sea takimata sanctus est Lorem ipsum dolor sit amet. Lorem ipsum dolor sit amet, consetetur sadipscing elitr, sed diam nonumy eirmod tempor invidunt ut labore et dolore magna aliquyam erat, sed diam voluptua. At vero eos et accusam et justo duo dolores et ea rebum. Stet clita kasd gubergren, no sea takimata sanctus est Lorem ipsum dolor sit amet. Lorem ipsum dolor sit amet, consetetur sadipscing elitr, sed diam nonumy eirmod tempor invidunt ut labore et dolore magna aliquyam erat, sed diam voluptua. At vero eos et accusam et justo duo dolores et ea rebum. Stet clita kasd gubergren, no sea takimata sanctus est Lorem ipsum dolor sit amet. &nbsp; &nbsp; Lorem ipsum dolor sit amet, consetetur sadipscing elitr, sed diam nonumy eirmod tempor invidunt ut labore et dolore magna aliquyam erat, sed diam voluptua. At vero eos et accusam et justo duo dolores et ea rebum. Stet clita kasd gubergren, no sea takimata sanctus est Lorem ipsum dolor sit amet.</p>","0","0","0","0","1","0","25","1","0","0","0","default","0","extra-small","","","","0","","","0","0","","1","0","","0","","","","0","0","0","","","0","","","","","124","0","0","0","0","0","18"),
("19","","5","1683126883","1683126883","0","0","0","0","","1028","0","0","0","0","","0","{\"image\":\"\"}","0","0","0","0","textpic","Headline 4 4x3","","<p>Lorem ipsum dolor sit amet, consetetur sadipscing elitr, sed diam nonumy eirmod tempor invidunt ut labore et dolore magna aliquyam erat, sed diam voluptua. At vero eos et accusam et justo duo dolores et ea rebum. Stet clita kasd gubergren, no sea takimata sanctus est Lorem ipsum dolor sit amet. Lorem ipsum dolor sit amet, consetetur sadipscing elitr, sed diam nonumy eirmod tempor invidunt ut labore et dolore magna aliquyam erat, sed diam voluptua. At vero eos et accusam et justo duo dolores et ea rebum. Stet clita kasd gubergren, no sea takimata sanctus est Lorem ipsum dolor sit amet. Lorem ipsum dolor sit amet, consetetur sadipscing elitr, sed diam nonumy eirmod tempor invidunt ut labore et dolore magna aliquyam erat, sed diam voluptua. At vero eos et accusam et justo duo dolores et ea rebum. Stet clita kasd gubergren, no sea takimata sanctus est Lorem ipsum dolor sit amet. &nbsp; &nbsp; Lorem ipsum dolor sit amet, consetetur sadipscing elitr, sed diam nonumy eirmod tempor invidunt ut labore et dolore magna aliquyam erat, sed diam voluptua. At vero eos et accusam et justo duo dolores et ea rebum. Stet clita kasd gubergren, no sea takimata sanctus est Lorem ipsum dolor sit amet.</p>","0","0","0","0","2","200","18","3","0","0","0","default","0","extra-small","","","","0","","","0","0","","1","0","","0","","","","0","0","200","","","0","","","","","124","0","0","0","0","0","19"),
("20","","5","1683126883","1683126883","0","0","0","0","","1026","0","0","0","0","","0","{\"image\":\"\"}","0","0","0","0","textpic","Headline 4 4x3","","<p>Lorem ipsum dolor sit amet, consetetur sadipscing elitr, sed diam nonumy eirmod tempor invidunt ut labore et dolore magna aliquyam erat, sed diam voluptua. At vero eos et accusam et justo duo dolores et ea rebum. Stet clita kasd gubergren, no sea takimata sanctus est Lorem ipsum dolor sit amet. Lorem ipsum dolor sit amet, consetetur sadipscing elitr, sed diam nonumy eirmod tempor invidunt ut labore et dolore magna aliquyam erat, sed diam voluptua. At vero eos et accusam et justo duo dolores et ea rebum. Stet clita kasd gubergren, no sea takimata sanctus est Lorem ipsum dolor sit amet. Lorem ipsum dolor sit amet, consetetur sadipscing elitr, sed diam nonumy eirmod tempor invidunt ut labore et dolore magna aliquyam erat, sed diam voluptua. At vero eos et accusam et justo duo dolores et ea rebum. Stet clita kasd gubergren, no sea takimata sanctus est Lorem ipsum dolor sit amet. Lorem ipsum dolor sit amet, consetetur sadipscing elitr, sed diam nonumy eirmod tempor invidunt ut labore et dolore magna aliquyam erat, sed diam voluptua. At vero eos et accusam et justo duo dolores et ea rebum. Stet clita kasd gubergren, no sea takimata sanctus est Lorem ipsum dolor sit amet.</p>","0","0","0","0","1","0","18","2","0","0","0","default","0","extra-small","","","","0","","","0","0","","1","0","","0","","","","0","0","0","","","0","","","","","124","0","0","0","0","0","20"),
("21","","5","1683126883","1683126883","0","0","0","0","","1025","0","0","0","0","","0","{\"image\":\"\"}","0","0","0","0","textpic","","","<h2>Headline 3 4x3</h2>\n<p>Lorem ipsum dolor sit amet, consetetur sadipscing elitr, sed diam nonumy eirmod tempor invidunt ut labore et dolore magna aliquyam erat, sed diam voluptua. At vero eos et accusam et justo duo dolores et ea rebum. Stet clita kasd gubergren, no sea takimata sanctus est Lorem ipsum dolor sit amet. Lorem ipsum dolor sit amet, consetetur sadipscing elitr, sed diam nonumy eirmod tempor invidunt ut labore et dolore magna aliquyam erat, sed diam voluptua. At vero eos et accusam et justo duo dolores et ea rebum. Stet clita kasd gubergren, no sea takimata sanctus est Lorem ipsum dolor sit amet. Lorem ipsum dolor sit amet, consetetur sadipscing elitr, sed diam nonumy eirmod tempor invidunt ut labore et dolore magna aliquyam erat, sed diam voluptua. At vero eos et accusam et justo duo dolores et ea rebum. Stet clita kasd gubergren, no sea takimata sanctus est Lorem ipsum dolor sit amet. &nbsp; &nbsp; Lorem ipsum dolor sit amet, consetetur sadipscing elitr, sed diam nonumy eirmod tempor invidunt ut labore et dolore magna aliquyam erat, sed diam voluptua. At vero eos et accusam et justo duo dolores et ea rebum. Stet clita kasd gubergren, no sea takimata sanctus est Lorem ipsum dolor sit amet.</p>","0","0","0","0","1","200","17","3","0","0","0","default","0","extra-small","","","","0","","","0","0","","1","0","","0","","","","0","0","200","","","0","","","","","124","0","0","0","0","0","21"),
("22","","5","1683126883","1683126883","0","0","0","0","","1024","0","0","0","0","","0","{\"image\":\"\"}","0","0","0","0","textpic","","","<h3>Headline 3 4x3</h3>\n<p>Lorem ipsum dolor sit amet, consetetur sadipscing elitr, sed diam nonumy eirmod tempor invidunt ut labore et dolore magna aliquyam erat, sed diam voluptua. At vero eos et accusam et justo duo dolores et ea rebum. Stet clita kasd gubergren, no sea takimata sanctus est Lorem ipsum dolor sit amet. Lorem ipsum dolor sit amet, consetetur sadipscing elitr, sed diam nonumy eirmod tempor invidunt ut labore et dolore magna aliquyam erat, sed diam voluptua. At vero eos et accusam et justo duo dolores et ea rebum. Stet clita kasd gubergren, no sea takimata sanctus est Lorem ipsum dolor sit amet. Lorem ipsum dolor sit amet, consetetur sadipscing elitr, sed diam nonumy eirmod tempor invidunt ut labore et dolore magna aliquyam erat, sed diam voluptua. At vero eos et accusam et justo duo dolores et ea rebum. Stet clita kasd gubergren, no sea takimata sanctus est Lorem ipsum dolor sit amet. &nbsp; &nbsp; Lorem ipsum dolor sit amet, consetetur sadipscing elitr, sed diam nonumy eirmod tempor invidunt ut labore et dolore magna aliquyam erat, sed diam voluptua. At vero eos et accusam et justo duo dolores et ea rebum. Stet clita kasd gubergren, no sea takimata sanctus est Lorem ipsum dolor sit amet.</p>","0","0","0","0","1","0","25","2","0","0","0","default","0","extra-small","","","","0","","","0","0","","1","0","","0","","","","0","0","0","","","0","","","","","124","0","0","0","0","0","22"),
("23","","5","1683126883","1683126883","0","0","0","0","","768","0","0","0","0","","0","{\"image\":\"\"}","0","0","0","0","textpic","Headline 5 4x3","","<p>Lorem ipsum dolor sit amet, consetetur sadipscing elitr, sed diam nonumy eirmod tempor invidunt ut labore et dolore magna aliquyam erat, sed diam voluptua. At vero eos et accusam et justo duo dolores et ea rebum. Stet clita kasd gubergren, no sea takimata sanctus est Lorem ipsum dolor sit amet. Lorem ipsum dolor sit amet, consetetur sadipscing elitr, sed diam nonumy eirmod tempor invidunt ut labore et dolore magna aliquyam erat, sed diam voluptua. At vero eos et accusam et justo duo dolores et ea rebum. Stet clita kasd gubergren, no sea takimata sanctus est Lorem ipsum dolor sit amet. Lorem ipsum dolor sit amet, consetetur sadipscing elitr, sed diam nonumy eirmod tempor invidunt ut labore et dolore magna aliquyam erat, sed diam voluptua. At vero eos et accusam et justo duo dolores et ea rebum. Stet clita kasd gubergren, no sea takimata sanctus est Lorem ipsum dolor sit amet.&nbsp;</p>\n<p>Lorem ipsum dolor sit amet, consetetur sadipscing elitr, sed diam nonumy eirmod tempor invidunt ut labore et dolore magna aliquyam erat, sed diam voluptua. At vero eos et accusam et justo duo dolores et ea rebum. Stet clita kasd gubergren, no sea takimata sanctus est Lorem ipsum dolor sit amet.</p>","0","0","0","0","3","200","2","3","0","0","0","default","0","extra-small","","","","0","","","0","0","","1","0","","0","","","","0","0","200","","","0","","","","","124","0","0","0","0","0","23"),
("24","","5","1683126883","1683126883","0","0","0","0","","640","0","0","0","0","","0","{\"image\":\"\"}","0","0","0","0","textpic","Headline 4 4x3","","<p>Lorem ipsum dolor sit amet, consetetur sadipscing elitr, sed diam nonumy eirmod tempor invidunt ut labore et dolore magna aliquyam erat, sed diam voluptua. At vero eos et accusam et justo duo dolores et ea rebum. Stet clita kasd gubergren, no sea takimata sanctus est Lorem ipsum dolor sit amet. Lorem ipsum dolor sit amet, consetetur sadipscing elitr, sed diam nonumy eirmod tempor invidunt ut labore et dolore magna aliquyam erat, sed diam voluptua. At vero eos et accusam et justo duo dolores et ea rebum. Stet clita kasd gubergren, no sea takimata sanctus est Lorem ipsum dolor sit amet. Lorem ipsum dolor sit amet, consetetur sadipscing elitr, sed diam nonumy eirmod tempor invidunt ut labore et dolore magna aliquyam erat, sed diam voluptua. At vero eos et accusam et justo duo dolores et ea rebum. Stet clita kasd gubergren, no sea takimata sanctus est Lorem ipsum dolor sit amet.</p>\n<p>Lorem ipsum dolor sit amet, consetetur sadipscing elitr, sed diam nonumy eirmod tempor invidunt ut labore et dolore magna aliquyam erat, sed diam voluptua. At vero eos et accusam et justo duo dolores et ea rebum. Stet clita kasd gubergren, no sea takimata sanctus est Lorem ipsum dolor sit amet.</p>","0","0","0","0","1","0","2","2","0","0","0","default","0","extra-small","","","","0","","","0","0","","1","0","","0","","","","0","0","0","","","0","","","","","124","0","0","0","0","0","24"),
("25","","5","1683126883","1683126883","0","0","0","0","","576","0","0","0","0","","0","{\"image\":\"\"}","0","0","0","0","textpic","","","<h2>Headline 1 4x3</h2>\n<p>Lorem ipsum dolor sit amet, consetetur sadipscing elitr, sed diam nonumy eirmod tempor invidunt ut labore et dolore magna aliquyam erat, sed diam voluptua. At vero eos et accusam et justo duo dolores et ea rebum. Stet clita kasd gubergren, no sea takimata sanctus est Lorem ipsum dolor sit amet. Lorem ipsum dolor sit amet, consetetur sadipscing elitr, sed diam nonumy eirmod tempor invidunt ut labore et dolore magna aliquyam erat, sed diam voluptua. At vero eos et accusam et justo duo dolores et ea rebum. Stet clita kasd gubergren, no sea takimata sanctus est Lorem ipsum dolor sit amet. Lorem ipsum dolor sit amet, consetetur sadipscing elitr, sed diam nonumy eirmod tempor invidunt ut labore et dolore magna aliquyam erat, sed diam voluptua. At vero eos et accusam et justo duo dolores et ea rebum. Stet clita kasd gubergren, no sea takimata sanctus est Lorem ipsum dolor sit amet.</p>\n<p>Lorem ipsum dolor sit amet, consetetur sadipscing elitr, sed diam nonumy eirmod tempor invidunt ut labore et dolore magna aliquyam erat, sed diam voluptua. At vero eos et accusam et justo duo dolores et ea rebum. Stet clita kasd gubergren, no sea takimata sanctus est Lorem ipsum dolor sit amet.</p>","0","0","0","0","3","0","1","1","0","0","0","default","0","extra-small","","","","0","","","0","0","","1","0","","0","","","","0","0","0","","","0","","","","","124","0","0","0","0","0","25"),
("26","","5","1683126883","1683126883","0","0","0","0","","544","0","0","0","0","","0","{\"image\":\"\"}","0","0","0","0","textpic","Headline 5 4x3","","<p>Lorem ipsum dolor sit amet, consetetur sadipscing elitr, sed diam nonumy eirmod tempor invidunt ut labore et dolore magna aliquyam erat, sed diam voluptua. At vero eos et accusam et justo duo dolores et ea rebum. Stet clita kasd gubergren, no sea takimata sanctus est Lorem ipsum dolor sit amet. Lorem ipsum dolor sit amet, consetetur sadipscing elitr, sed diam nonumy eirmod tempor invidunt ut labore et dolore magna aliquyam erat, sed diam voluptua. At vero eos et accusam et justo duo dolores et ea rebum. Stet clita kasd gubergren, no sea takimata sanctus est Lorem ipsum dolor sit amet. Lorem ipsum dolor sit amet, consetetur sadipscing elitr, sed diam nonumy eirmod tempor invidunt ut labore et dolore magna aliquyam erat, sed diam voluptua. At vero eos et accusam et justo duo dolores et ea rebum. Stet clita kasd gubergren, no sea takimata sanctus est Lorem ipsum dolor sit amet.</p>\n<p>Lorem ipsum dolor sit amet, consetetur sadipscing elitr, sed diam nonumy eirmod tempor invidunt ut labore et dolore magna aliquyam erat, sed diam voluptua. At vero eos et accusam et justo duo dolores et ea rebum. Stet clita kasd gubergren, no sea takimata sanctus est Lorem ipsum dolor sit amet.</p>","0","0","0","0","1","0","1","2","0","0","0","default","0","extra-small","","","","0","","","0","0","","1","0","","0","","","","0","0","0","","","0","","","","","124","0","0","0","0","0","26"),
("27","","5","1683126883","1683126883","0","0","0","0","","528","0","0","0","0","","0","a:24:{s:5:\"CType\";N;s:6:\"colPos\";N;s:6:\"header\";N;s:13:\"header_layout\";N;s:15:\"header_position\";N;s:4:\"date\";N;s:11:\"header_link\";N;s:9:\"subheader\";N;s:8:\"bodytext\";N;s:6:\"layout\";N;s:11:\"frame_class\";N;s:18:\"space_before_class\";N;s:17:\"space_after_class\";N;s:12:\"sectionIndex\";N;s:9:\"linkToTop\";N;s:16:\"sys_language_uid\";N;s:6:\"hidden\";N;s:9:\"starttime\";N;s:7:\"endtime\";N;s:8:\"fe_group\";N;s:8:\"editlock\";N;s:10:\"categories\";N;s:14:\"rowDescription\";N;s:25:\"tx_gridelements_container\";N;}","0","0","0","0","text","","","<h2>Headline 1 4x3</h2>\n<p>Lorem ipsum dolor sit amet, consetetur sadipscing elitr, sed diam nonumy eirmod tempor invidunt ut labore et dolore magna aliquyam erat, sed diam voluptua. At vero eos et accusam et justo duo dolores et ea rebum. Stet clita kasd gubergren, no sea takimata sanctus est Lorem ipsum dolor sit amet. Lorem ipsum dolor sit amet, consetetur sadipscing elitr, sed diam nonumy eirmod tempor invidunt ut labore et dolore magna aliquyam erat, sed diam voluptua. At vero eos et accusam et justo duo dolores et ea rebum. Stet clita kasd gubergren, no sea takimata sanctus est Lorem ipsum dolor sit amet. Lorem ipsum dolor sit amet, consetetur sadipscing elitr, sed diam nonumy eirmod tempor invidunt ut labore et dolore magna aliquyam erat, sed diam voluptua. At vero eos et accusam et justo duo dolores et ea rebum. Stet clita kasd gubergren, no sea takimata sanctus est Lorem ipsum dolor sit amet.</p>\n<p>Lorem ipsum dolor sit amet, consetetur sadipscing elitr, sed diam nonumy eirmod tempor invidunt ut labore et dolore magna aliquyam erat, sed diam voluptua. At vero eos et accusam et justo duo dolores et ea rebum. Stet clita kasd gubergren, no sea takimata sanctus est Lorem ipsum dolor sit amet.</p>","0","0","0","0","0","0","0","2","0","0","0","default","0","extra-small","","","","0","","","0","0","","1","0","","0","","","","0","0","0","","","0","","","","","124","0","0","0","0","0","27"),
("28","","5","1683126883","1683126883","0","0","0","0","","520","0","0","0","0","","0","{\"image\":\"\"}","0","0","0","0","textpic","Headline","","","0","0","0","0","1","0","0","2","0","0","0","default","0","extra-small","","","","0","","","0","1","","1","0","","0","","","","0","0","0","","","0","","","","","124","0","0","0","0","0","28"),
("29","","5","1683126883","1683126883","0","0","0","0","","516","0","0","0","0","","0","","0","0","0","0","text","","","<p>Lorem ipsum dolor sit amet, consetetur sadipscing elitr, sed diam nonumy eirmod tempor invidunt ut labore et dolore magna aliquyam erat, sed diam voluptua. At vero eos et accusam et justo duo dolores et ea rebum. Stet clita kasd gubergren, no sea takimata sanctus est Lorem ipsum dolor sit amet. Lorem ipsum dolor sit amet, consetetur sadipscing elitr, sed diam nonumy eirmod tempor invidunt ut labore et dolore magna aliquyam erat, sed diam voluptua. At vero eos et accusam et justo duo dolores et ea rebum. Stet clita kasd gubergren, no sea takimata sanctus est Lorem ipsum dolor sit amet.</p>\n<p><strong>the text is bold</strong></p>\n<p><em>the text is italic</em></p>\n<p><u>the text is underline</u></p>","0","0","0","0","0","0","0","2","0","0","0","default","0","extra-small","","","","0","","","0","0","","1","0","","0","","","","0","0","0","","","0","","","","","124","0","0","0","0","0","29"),
("30","","5","1683126883","1683126883","0","0","0","0","","514","0","0","0","0","","0","a:24:{s:5:\"CType\";N;s:6:\"colPos\";N;s:6:\"header\";N;s:13:\"header_layout\";N;s:15:\"header_position\";N;s:4:\"date\";N;s:11:\"header_link\";N;s:9:\"subheader\";N;s:8:\"bodytext\";N;s:6:\"layout\";N;s:11:\"frame_class\";N;s:18:\"space_before_class\";N;s:17:\"space_after_class\";N;s:12:\"sectionIndex\";N;s:9:\"linkToTop\";N;s:16:\"sys_language_uid\";N;s:6:\"hidden\";N;s:9:\"starttime\";N;s:7:\"endtime\";N;s:8:\"fe_group\";N;s:8:\"editlock\";N;s:10:\"categories\";N;s:14:\"rowDescription\";N;s:25:\"tx_gridelements_container\";N;}","0","0","0","0","text","","","<ol> 	<li>Nummer</li> 	<li>Nummer 	<ol> 		<li>Nummer</li> 		<li>Nummer 		<ol> 			<li>Nummer</li> 			<li>Nummer Lorem ipsum dolor sit amet, consetetur sadipscing elitr, sed diam nonumy eirmod tempor invidunt ut labore et dolore magna aliquyam erat, sed diam voluptua. At vero eos et accusam et justo duo dolores et ea rebum. Stet clita kasd gubergren, no sea takimata sanctus est Lorem ipsum dolor sit amet. Lorem ipsum d</li> 			<li>Nummer</li> 			<li>Nummer 			<ol> 				<li>Nummer Lorem ipsum dolor sit amet, consetetur sadipscing elitr, sed diam nonumy eirmod tempor invidunt ut labore et dolore magna aliquyam erat, sed diam voluptua. At vero eos et accusam et justo duo dolores et ea rebum. Stet clita kasd gubergren, no sea takimata sanctus est Lorem ipsum dolor sit amet. Lorem ipsum d</li> 				<li>Nummer</li> 			</ol> 			</li> 			<li>Nummer</li> 		</ol> 		</li> 		<li>Nummer</li> 	</ol> 	</li> 	<li>Nummer</li> 	<li>Nummer</li> 	<li>Nummer</li> </ol>","0","0","0","0","0","0","0","2","0","0","0","default","0","extra-small","","","","0","","","0","0","","1","0","","0","","","","0","0","0","","","0","","","","","124","0","0","0","0","0","30"),
("31","","5","1683126883","1683126883","0","0","0","0","","513","0","0","0","0","","0","","0","0","0","0","text","","","<ul>    <li>Point 1</li>    <li>       Points 2 	       <ul>          <li>             Lorem ipsum dolor sit amet, consetetur sadipscing elitr, sed diam nonumy eirmod tempor invidunt ut labore et dolore magna aliquyam erat, sed diam voluptua. At vero eos et accusam et justo duo dolores et ea rebum. Stet clita kasd gubergren, no sea takimata sanctus est Lorem ipsum dolor sit amet. Lorem ipsum d 		             <ul>                <li>                   Lorem ipsum dolor sit amet, consetetur sadipscing elitr, sed diam nonumy eirmod tempor invidunt ut labore et dolore magna aliquyam erat, sed diam voluptua. At vero eos et accusam et justo duo dolores et ea rebum. Stet clita kasd gubergren, no sea takimata sanctus est Lorem ipsum dolor sit amet. Lorem ipsum d 			                   <ul>                      <li>Lorem ipsum dolor sit amet, consetetur sadipscing elitr, sed diam nonumy eirmod tempor invidunt ut labore et dolore magna aliquyam erat, sed diam voluptua. At vero eos et accusam et justo duo dolores et ea rebum. Stet clita kasd gubergren, no sea takimata sanctus est Lorem ipsum dolor sit amet. Lorem ipsum d</li>                      <li>Lorem ipsum dolor sit amet, consetetur sadipscing elitr, sed diam nonumy eirmod tempor invidunt ut labore et dolore magna aliquyam erat, sed diam voluptua. At vero eos et accusam et justo duo dolores et ea rebum. Stet clita kasd gubergren, no sea takimata sanctus est Lorem ipsum dolor sit amet. Lorem ipsum d</li>                      <li>Lorem ipsum dolor sit amet, consetetur sadipscing elitr, sed diam nonumy eirmod tempor invidunt ut labore et dolore magna aliquyam erat, sed diam voluptua. At vero eos et accusam et justo duo dolores et ea rebum. Stet clita kasd gubergren, no sea takimata sanctus est Lorem ipsum dolor sit amet. Lorem ipsum d</li>                      <li>                         Lorem ipsum dolor sit amet, consetetur sadipscing elitr, sed diam nonumy eirmod tempor invidunt ut labore et dolore magna aliquyam erat, sed diam voluptua. At vero eos et accusam et justo duo dolores et ea rebum. Stet clita kasd gubergren, no sea takimata sanctus est Lorem ipsum dolor sit amet. Lorem ipsum d 				                         <ul>                            <li>Lorem ipsum dolor sit amet, consetetur sadipscing elitr, sed diam nonumy eirmod tempor invidunt ut labore et dolore magna aliquyam erat, sed diam voluptua. At vero eos et accusam et justo duo dolores et ea rebum. Stet clita kasd gubergren, no sea takimata sanctus est Lorem ipsum dolor sit amet. Lorem ipsum d</li>                            <li>Lorem ipsum dolor sit amet, consetetur sadipscing elitr, sed diam nonumy eirmod tempor invidunt ut labore et dolore magna aliquyam erat, sed diam voluptua. At vero eos et accusam et justo duo dolores et ea rebum. Stet clita kasd gubergren, no sea takimata sanctus est Lorem ipsum dolor sit amet. Lorem ipsum d</li>                         </ul>                      </li>                      <li>Lorem ipsum dolor sit amet, consetetur sadipscing elitr, sed diam nonumy eirmod tempor invidunt ut labore et dolore magna aliquyam erat, sed diam voluptua. At vero eos et accusam et justo duo dolores et ea rebum. Stet clita kasd gubergren, no sea takimata sanctus est Lorem ipsum dolor sit amet. Lorem ipsum d</li>                   </ul>                </li>                <li>Lorem ipsum dolor sit amet, consetetur sadipscing elitr, sed diam nonumy eirmod tempor invidunt ut labore et dolore magna aliquyam erat, sed diam voluptua. At vero eos et accusam et justo duo dolores et ea rebum. Stet clita kasd gubergren, no sea takimata sanctus est Lorem ipsum dolor sit amet. Lorem ipsum d</li>                <li>Lorem ipsum dolor sit amet, consetetur sadipscing elitr, sed diam nonumy eirmod tempor invidunt ut labore et dolore magna aliquyam erat, sed diam voluptua. At vero eos et accusam et justo duo dolores et ea rebum. Stet clita kasd gubergren, no sea takimata sanctus est Lorem ipsum dolor sit amet. Lorem ipsum d</li>                <li>Lorem ipsum dolor sit amet, consetetur sadipscing elitr, sed diam nonumy eirmod tempor invidunt ut labore et dolore magna aliquyam erat, sed diam voluptua. At vero eos et accusam et justo duo dolores et ea rebum. Stet clita kasd gubergren, no sea takimata sanctus est Lorem ipsum dolor sit amet. Lorem ipsum d</li>                <li>Lorem ipsum dolor sit amet, consetetur sadipscing elitr, sed diam nonumy eirmod tempor invidunt ut labore et dolore magna aliquyam erat, sed diam voluptua. At vero eos et accusam et justo duo dolores et ea rebum. Stet clita kasd gubergren, no sea takimata sanctus est Lorem ipsum dolor sit amet. Lorem ipsum d</li>             </ul>          </li>       </ul>    </li> </ul>","0","0","0","0","0","0","0","2","0","0","0","default","0","small","","","","0","","","0","0","","1","0","","0","","","","0","0","0","","","0","","","","","124","0","0","0","0","0","31"),
("32","","5","1683126883","1683126883","0","0","0","0","","512","0","0","0","0","","0","a:24:{s:5:\"CType\";N;s:6:\"colPos\";N;s:6:\"header\";N;s:13:\"header_layout\";N;s:15:\"header_position\";N;s:4:\"date\";N;s:11:\"header_link\";N;s:9:\"subheader\";N;s:8:\"bodytext\";N;s:6:\"layout\";N;s:11:\"frame_class\";N;s:18:\"space_before_class\";N;s:17:\"space_after_class\";N;s:12:\"sectionIndex\";N;s:9:\"linkToTop\";N;s:16:\"sys_language_uid\";N;s:6:\"hidden\";N;s:9:\"starttime\";N;s:7:\"endtime\";N;s:8:\"fe_group\";N;s:8:\"editlock\";N;s:10:\"categories\";N;s:14:\"rowDescription\";N;s:25:\"tx_gridelements_container\";N;}","0","0","0","0","text","","","<h1>Headline 1</h1>\n<h2>Headline 2</h2>\n<h3>Headline 3</h3>\n<h4>headline 4</h4>\n<h5>Headline 5</h5>\n<h6>Headline 6</h6>","0","0","0","0","0","0","0","2","0","0","0","default","0","small","","","","0","","","0","0","","1","0","","0","","","","0","0","0","","","0","","","","","124","0","0","0","0","0","32"),
("33","","5","1683126883","1683126883","0","0","0","0","","256","0","0","0","0","","0","a:23:{s:5:\"CType\";N;s:6:\"colPos\";N;s:6:\"header\";N;s:13:\"header_layout\";N;s:15:\"header_position\";N;s:4:\"date\";N;s:11:\"header_link\";N;s:9:\"subheader\";N;s:6:\"layout\";N;s:11:\"frame_class\";N;s:18:\"space_before_class\";N;s:17:\"space_after_class\";N;s:12:\"sectionIndex\";N;s:9:\"linkToTop\";N;s:16:\"sys_language_uid\";N;s:6:\"hidden\";N;s:9:\"starttime\";N;s:7:\"endtime\";N;s:8:\"fe_group\";N;s:8:\"editlock\";N;s:10:\"categories\";N;s:14:\"rowDescription\";N;s:25:\"tx_gridelements_container\";N;}","0","0","0","0","header","CMS Page","","","0","0","0","0","0","0","0","2","0","0","0","default","0","","","","","0","","","0","1","","1","0","","0","","","","0","0","0","","","0","","","","","124","0","0","0","0","0","33"),
("34","","4","1683126883","1683126883","0","0","0","0","","256","0","0","0","0","","1","a:24:{s:5:\"CType\";N;s:6:\"colPos\";N;s:6:\"header\";N;s:13:\"header_layout\";N;s:15:\"header_position\";N;s:4:\"date\";N;s:11:\"header_link\";N;s:9:\"subheader\";N;s:8:\"bodytext\";N;s:6:\"layout\";N;s:11:\"frame_class\";N;s:18:\"space_before_class\";N;s:17:\"space_after_class\";N;s:12:\"sectionIndex\";N;s:9:\"linkToTop\";N;s:16:\"sys_language_uid\";N;s:6:\"hidden\";N;s:9:\"starttime\";N;s:7:\"endtime\";N;s:8:\"fe_group\";N;s:8:\"editlock\";N;s:10:\"categories\";N;s:14:\"rowDescription\";N;s:25:\"tx_gridelements_container\";N;}","0","0","0","0","text","","","<p>Lorem Ipsum is simply dummy text of the printing and typesetting industry. Lorem Ipsum has been the industry\'s standard dummy text ever since the 1500s, when an unknown printer took a galley of type and scrambled it to make a type specimen book. It has survived not only five centuries, but also the leap into electronic typesetting, remaining essentially unchanged. It was popularised in the 1960s with the release of Letraset sheets containing Lorem Ipsum passages, and more recently with desktop publishing software like Aldus PageMaker including versions of Lorem Ipsum.</p>\n<p>Lorem Ipsum is simply dummy text of the printing and typesetting industry. Lorem Ipsum has been the industry\'s standard dummy text ever since the 1500s, when an unknown printer took a galley of type and scrambled it to make a type specimen book. It has survived not only five centuries, but also the leap into electronic typesetting, remaining essentially unchanged. It was popularised in the 1960s with the release of Letraset sheets containing Lorem Ipsum passages, and more recently with desktop publishing software like Aldus PageMaker including versions of Lorem Ipsum.</p>\n<p>Lorem Ipsum is simply dummy text of the printing and typesetting industry. Lorem Ipsum has been the industry\'s standard dummy text ever since the 1500s, when an unknown printer took a galley of type and scrambled it to make a type specimen book. It has survived not only five centuries, but also the leap into electronic typesetting, remaining essentially unchanged. It was popularised in the 1960s with the release of Letraset sheets containing Lorem Ipsum passages, and more recently with desktop publishing software like Aldus PageMaker including versions of Lorem Ipsum.</p>\n<p>Lorem Ipsum is simply dummy text of the printing and typesetting industry. Lorem Ipsum has been the industry\'s standard dummy text ever since the 1500s, when an unknown printer took a galley of type and scrambled it to make a type specimen book. It has survived not only five centuries, but also the leap into electronic typesetting, remaining essentially unchanged. It was popularised in the 1960s with the release of Letraset sheets containing Lorem Ipsum passages, and more recently with desktop publishing software like Aldus PageMaker including versions of Lorem Ipsum.</p>\n\n","0","0","0","0","0","0","0","2","0","0","0","default","0","","","","","0","","","0","0","","1","0","","0","","","","0","0","0","","","0","","","","","124","0","0","0","0","0","34"),
("35","","3","1683126883","1683126883","0","0","0","0","","256","0","0","0","0","","0","a:24:{s:5:\"CType\";N;s:6:\"colPos\";N;s:6:\"header\";N;s:13:\"header_layout\";N;s:15:\"header_position\";N;s:4:\"date\";N;s:11:\"header_link\";N;s:9:\"subheader\";N;s:8:\"bodytext\";N;s:6:\"layout\";N;s:11:\"frame_class\";N;s:18:\"space_before_class\";N;s:17:\"space_after_class\";N;s:12:\"sectionIndex\";N;s:9:\"linkToTop\";N;s:16:\"sys_language_uid\";N;s:6:\"hidden\";N;s:9:\"starttime\";N;s:7:\"endtime\";N;s:8:\"fe_group\";N;s:8:\"editlock\";N;s:10:\"categories\";N;s:14:\"rowDescription\";N;s:25:\"tx_gridelements_container\";N;}","0","0","0","0","text","","","<h1 class=\"display-1\">404 Error!!!</h1>\n<p>The page you\'re looking for could not be found. Here are some helpful links to get you back on track:</p>","0","0","0","0","0","0","0","2","0","0","0","default","0","","","","","0","","","0","0","","1","0","","0","","","","0","0","0","","","0","","","","","124","0","0","0","0","0","35"),
("36","","1","1683128095","1683126883","0","0","0","0","","256","0","-1","0","0","","0","{\"CType\":\"\",\"colPos\":\"\",\"header\":\"\",\"header_layout\":\"\",\"header_position\":\"\",\"date\":\"\",\"header_link\":\"\",\"subheader\":\"\",\"pi_flexform\":\"\",\"layout\":\"\",\"frame_class\":\"\",\"space_before_class\":\"\",\"space_after_class\":\"\",\"sectionIndex\":\"\",\"linkToTop\":\"\",\"sys_language_uid\":\"\",\"hidden\":\"\",\"starttime\":\"\",\"endtime\":\"\",\"fe_group\":\"\",\"editlock\":\"\",\"categories\":\"\",\"rowDescription\":\"\"}","0","0","0","0","news_pi1","","","","0","0","0","0","0","0","0","2","0","0","0","default","0","","","","","0","","","0","0","","1","0","","0","","","","0","0","0","<?xml version=\"1.0\" encoding=\"utf-8\" standalone=\"yes\" ?>\n<T3FlexForms>\n    <data>\n        <sheet index=\"sDEF\">\n            <language index=\"lDEF\">\n                <field index=\"settings.orderBy\">\n                    <value index=\"vDEF\"></value>\n                </field>\n                <field index=\"settings.orderDirection\">\n                    <value index=\"vDEF\"></value>\n                </field>\n                <field index=\"settings.categoryConjunction\">\n                    <value index=\"vDEF\"></value>\n                </field>\n                <field index=\"settings.categories\">\n                    <value index=\"vDEF\"></value>\n                </field>\n                <field index=\"settings.includeSubCategories\">\n                    <value index=\"vDEF\">0</value>\n                </field>\n                <field index=\"settings.archiveRestriction\">\n                    <value index=\"vDEF\"></value>\n                </field>\n                <field index=\"settings.timeRestriction\">\n                    <value index=\"vDEF\"></value>\n                </field>\n                <field index=\"settings.timeRestrictionHigh\">\n                    <value index=\"vDEF\"></value>\n                </field>\n                <field index=\"settings.topNewsRestriction\">\n                    <value index=\"vDEF\"></value>\n                </field>\n                <field index=\"settings.startingpoint\">\n                    <value index=\"vDEF\"></value>\n                </field>\n                <field index=\"settings.recursive\">\n                    <value index=\"vDEF\"></value>\n                </field>\n                <field index=\"settings.selectedList\">\n                    <value index=\"vDEF\"></value>\n                </field>\n                <field index=\"switchableControllerActions\">\n                    <value index=\"vDEF\">News-&gt;list;News-&gt;detail</value>\n                </field>\n                <field index=\"settings.dateField\">\n                    <value index=\"vDEF\"></value>\n                </field>\n                <field index=\"settings.previewHiddenRecords\">\n                    <value index=\"vDEF\">2</value>\n                </field>\n            </language>\n        </sheet>\n        <sheet index=\"additional\">\n            <language index=\"lDEF\">\n                <field index=\"settings.detailPid\">\n                    <value index=\"vDEF\">12</value>\n                </field>\n                <field index=\"settings.listPid\">\n                    <value index=\"vDEF\">13</value>\n                </field>\n                <field index=\"settings.backPid\">\n                    <value index=\"vDEF\">13</value>\n                </field>\n                <field index=\"settings.limit\">\n                    <value index=\"vDEF\">4</value>\n                </field>\n                <field index=\"settings.offset\">\n                    <value index=\"vDEF\"></value>\n                </field>\n                <field index=\"settings.tags\">\n                    <value index=\"vDEF\"></value>\n                </field>\n                <field index=\"settings.hidePagination\">\n                    <value index=\"vDEF\">0</value>\n                </field>\n                <field index=\"settings.list.paginate.itemsPerPage\">\n                    <value index=\"vDEF\"></value>\n                </field>\n                <field index=\"settings.topNewsFirst\">\n                    <value index=\"vDEF\">0</value>\n                </field>\n                <field index=\"settings.excludeAlreadyDisplayedNews\">\n                    <value index=\"vDEF\">0</value>\n                </field>\n                <field index=\"settings.disableOverrideDemand\">\n                    <value index=\"vDEF\">1</value>\n                </field>\n            </language>\n        </sheet>\n        <sheet index=\"template\">\n            <language index=\"lDEF\">\n                <field index=\"settings.media.maxWidth\">\n                    <value index=\"vDEF\"></value>\n                </field>\n                <field index=\"settings.media.maxHeight\">\n                    <value index=\"vDEF\"></value>\n                </field>\n                <field index=\"settings.cropMaxCharacters\">\n                    <value index=\"vDEF\"></value>\n                </field>\n                <field index=\"settings.templateLayout\">\n                    <value index=\"vDEF\"></value>\n                </field>\n            </language>\n        </sheet>\n    </data>\n</T3FlexForms>","","0","","","","","124","0","0","0","0","0","36");

--
--
-- Dumping data for table `tx_news_domain_model_news`
--

INSERT INTO `tx_news_domain_model_news` (`uid`, `pid`, `tstamp`, `crdate`, `cruser_id`, `t3ver_oid`, `t3ver_wsid`, `t3ver_state`, `t3ver_stage`, `t3_origuid`, `editlock`, `sys_language_uid`, `l10n_parent`, `l10n_diffsource`, `l10n_source`, `deleted`, `hidden`, `starttime`, `endtime`, `fe_group`, `notes`, `l10n_state`, `sorting`, `title`, `teaser`, `bodytext`, `datetime`, `archive`, `author`, `author_email`, `categories`, `related`, `related_from`, `related_files`, `fal_related_files`, `related_links`, `type`, `keywords`, `description`, `tags`, `media`, `fal_media`, `internalurl`, `externalurl`, `istopnews`, `content_elements`, `path_segment`, `alternative_title`, `sitemap_changefreq`, `sitemap_priority`, `import_id`, `import_source`) VALUES 
("1","7","1683126883","1683126883","1","0","0","0","0","9","0","0","0","{\"bodytext\":\"\"}","0","0","0","0","0","","","","0","Failure is not an option","Many say exploration is part of our destiny, but it’s actually our duty to future generations.","<p>Never in all their history have men been able truly to conceive of the world as one: a single sphere, a globe, having the qualities of a globe, a round earth in which all the directions eventually meet, in which there is no center because every point, or none, is center — an equal earth which all men occupy as equals. The airman\'s earth, if free men make it, will be truly round: a globe in practice, not in theory.</p>\n<p>Science cuts two ways, of course; its products can be used for both good and evil. But there\'s no turning back from science. The early warnings about technological dangers also come from science.</p>\n<p>What was most significant about the lunar voyage was not that man set foot on the Moon but that they set eye on the earth.</p>\n<p>A Chinese tale tells of some men sent to harm a young girl who, upon seeing her beauty, become her protectors rather than her violators. That\'s how I felt seeing the Earth for the first time. I could not help but love and cherish her.</p>\n<p>For those who have seen the Earth from space, and for the hundreds and perhaps thousands more who will, the experience most certainly changes your perspective. The things that we share in our world are far more valuable than those which divide us.</p>\n<h2 class=\"section-heading\">The Final Frontier</h2>\n<p>There can be no thought of finishing for ‘aiming for the stars.’ Both figuratively and literally, it is a task to occupy the generations. And no matter how much progress one makes, there is always the thrill of just beginning.</p>\n<p>There can be no thought of finishing for ‘aiming for the stars.’ Both figuratively and literally, it is a task to occupy the generations. And no matter how much progress one makes, there is always the thrill of just beginning.</p>\n<blockquote class=\"blockquote\"><p>The dreams of yesterday are the hopes of today and the reality of tomorrow. Science has not yet mastered prophecy. We predict too much for the next year and yet far too little for the next ten.</p></blockquote>\n<p>Spaceflights cannot be stopped. This is not the work of any one man or even a group of men. It is a historical process which mankind is carrying out in accordance with the natural laws of human development.</p>\n<h2 class=\"section-heading\">Reaching for the Stars</h2>\n<p>As we got further and further away, it [the Earth] diminished in size. Finally it shrank to the size of a marble, the most beautiful you can imagine. That beautiful, warm, living object looked so fragile, so delicate, that if you touched it with a finger it would crumble and fall apart. Seeing this has to change a man.</p>\n<p>To go places and do things that have never been done before – that’s what living is all about.</p>\n<p>Space, the final frontier. These are the voyages of the Starship Enterprise. Its five-year mission: to explore strange new worlds, to seek out new life and new civilizations, to boldly go where no man has gone before.</p>\n<p>As I stand out here in the wonders of the unknown at Hadley, I sort of realize there’s a fundamental truth to our nature, Man must explore, and this is exploration at its greatest.</p>\n<p>Placeholder text by <a href=\"http://spaceipsum.com/\">Space Ipsum</a>. Photographs by <a href=\"https://www.flickr.com/photos/nasacommons/\">NASA on The Commons</a>.</p>\n\n<p class=\"simple-translate-result\">&nbsp;</p>\n<p class=\"simple-translate-candidate\">&nbsp;</p>","1562565660","0","Nitsan Technologies","","1","0","0","","0","0","0","","","0","","1","","","0","0","failure-is-not-an-option-2","","","0.5","",""),
("2","7","1683126883","1683126883","1","0","0","0","0","9","0","0","0","{\"bodytext\":\"\"}","0","0","0","0","0","","","","0","Failure is not an option","Many say exploration is part of our destiny, but it’s actually our duty to future generations.","<p>Never in all their history have men been able truly to conceive of the world as one: a single sphere, a globe, having the qualities of a globe, a round earth in which all the directions eventually meet, in which there is no center because every point, or none, is center — an equal earth which all men occupy as equals. The airman\'s earth, if free men make it, will be truly round: a globe in practice, not in theory.</p>\n<p>Science cuts two ways, of course; its products can be used for both good and evil. But there\'s no turning back from science. The early warnings about technological dangers also come from science.</p>\n<p>What was most significant about the lunar voyage was not that man set foot on the Moon but that they set eye on the earth.</p>\n<p>A Chinese tale tells of some men sent to harm a young girl who, upon seeing her beauty, become her protectors rather than her violators. That\'s how I felt seeing the Earth for the first time. I could not help but love and cherish her.</p>\n<p>For those who have seen the Earth from space, and for the hundreds and perhaps thousands more who will, the experience most certainly changes your perspective. The things that we share in our world are far more valuable than those which divide us.</p>\n<h2 class=\"section-heading\">The Final Frontier</h2>\n<p>There can be no thought of finishing for ‘aiming for the stars.’ Both figuratively and literally, it is a task to occupy the generations. And no matter how much progress one makes, there is always the thrill of just beginning.</p>\n<p>There can be no thought of finishing for ‘aiming for the stars.’ Both figuratively and literally, it is a task to occupy the generations. And no matter how much progress one makes, there is always the thrill of just beginning.</p>\n<blockquote class=\"blockquote\"><p>The dreams of yesterday are the hopes of today and the reality of tomorrow. Science has not yet mastered prophecy. We predict too much for the next year and yet far too little for the next ten.</p></blockquote>\n<p>Spaceflights cannot be stopped. This is not the work of any one man or even a group of men. It is a historical process which mankind is carrying out in accordance with the natural laws of human development.</p>\n<h2 class=\"section-heading\">Reaching for the Stars</h2>\n<p>As we got further and further away, it [the Earth] diminished in size. Finally it shrank to the size of a marble, the most beautiful you can imagine. That beautiful, warm, living object looked so fragile, so delicate, that if you touched it with a finger it would crumble and fall apart. Seeing this has to change a man.</p>\n<p>To go places and do things that have never been done before – that’s what living is all about.</p>\n<p>Space, the final frontier. These are the voyages of the Starship Enterprise. Its five-year mission: to explore strange new worlds, to seek out new life and new civilizations, to boldly go where no man has gone before.</p>\n<p>As I stand out here in the wonders of the unknown at Hadley, I sort of realize there’s a fundamental truth to our nature, Man must explore, and this is exploration at its greatest.</p>\n<p>Placeholder text by <a href=\"http://spaceipsum.com/\">Space Ipsum</a>. Photographs by <a href=\"https://www.flickr.com/photos/nasacommons/\">NASA on The Commons</a>.</p>\n\n<p class=\"simple-translate-result\">&nbsp;</p>\n<p class=\"simple-translate-candidate\">&nbsp;</p>","1562565660","0","Nitsan Technologies","","1","0","0","","0","0","0","","","0","","1","","","0","0","failure-is-not-an-option-1","","","0.5","",""),
("3","7","1683126883","1683126883","1","0","0","0","0","1","0","0","0","{\"bodytext\":\"\"}","0","0","0","0","0","","","","0","Failure is not an option","Many say exploration is part of our destiny, but it’s actually our duty to future generations.","<p>Never in all their history have men been able truly to conceive of the world as one: a single sphere, a globe, having the qualities of a globe, a round earth in which all the directions eventually meet, in which there is no center because every point, or none, is center — an equal earth which all men occupy as equals. The airman\'s earth, if free men make it, will be truly round: a globe in practice, not in theory.</p>\n<p>Science cuts two ways, of course; its products can be used for both good and evil. But there\'s no turning back from science. The early warnings about technological dangers also come from science.</p>\n<p>What was most significant about the lunar voyage was not that man set foot on the Moon but that they set eye on the earth.</p>\n<p>A Chinese tale tells of some men sent to harm a young girl who, upon seeing her beauty, become her protectors rather than her violators. That\'s how I felt seeing the Earth for the first time. I could not help but love and cherish her.</p>\n<p>For those who have seen the Earth from space, and for the hundreds and perhaps thousands more who will, the experience most certainly changes your perspective. The things that we share in our world are far more valuable than those which divide us.</p>\n<h2 class=\"section-heading\">The Final Frontier</h2>\n<p>There can be no thought of finishing for ‘aiming for the stars.’ Both figuratively and literally, it is a task to occupy the generations. And no matter how much progress one makes, there is always the thrill of just beginning.</p>\n<p>There can be no thought of finishing for ‘aiming for the stars.’ Both figuratively and literally, it is a task to occupy the generations. And no matter how much progress one makes, there is always the thrill of just beginning.</p>\n<blockquote class=\"blockquote\"><p>The dreams of yesterday are the hopes of today and the reality of tomorrow. Science has not yet mastered prophecy. We predict too much for the next year and yet far too little for the next ten.</p></blockquote>\n<p>Spaceflights cannot be stopped. This is not the work of any one man or even a group of men. It is a historical process which mankind is carrying out in accordance with the natural laws of human development.</p>\n<h2 class=\"section-heading\">Reaching for the Stars</h2>\n<p>As we got further and further away, it [the Earth] diminished in size. Finally it shrank to the size of a marble, the most beautiful you can imagine. That beautiful, warm, living object looked so fragile, so delicate, that if you touched it with a finger it would crumble and fall apart. Seeing this has to change a man.</p>\n<p>To go places and do things that have never been done before – that’s what living is all about.</p>\n<p>Space, the final frontier. These are the voyages of the Starship Enterprise. Its five-year mission: to explore strange new worlds, to seek out new life and new civilizations, to boldly go where no man has gone before.</p>\n<p>As I stand out here in the wonders of the unknown at Hadley, I sort of realize there’s a fundamental truth to our nature, Man must explore, and this is exploration at its greatest.</p>\n<p>Placeholder text by <a href=\"http://spaceipsum.com/\">Space Ipsum</a>. Photographs by <a href=\"https://www.flickr.com/photos/nasacommons/\">NASA on The Commons</a>.</p>\n\n<p class=\"simple-translate-result\">&nbsp;</p>\n<p class=\"simple-translate-candidate\">&nbsp;</p>\n\n<p class=\"simple-translate-result\">&nbsp;</p>\n<p class=\"simple-translate-candidate\">&nbsp;</p>","1562565660","0","Nitsan Technologies","","1","0","0","","0","0","0","","","0","","1","","","0","0","failure-is-not-an-option","","","0.5","",""),
("4","7","1683126883","1683126883","1","0","0","0","0","1","0","0","0","{\"bodytext\":\"\"}","0","0","0","0","0","","","","0","Science has not yet mastered prophecy","We predict too much for the next year and yet far too little for the next ten.","<p>Never in all their history have men been able truly to conceive of the world as one: a single sphere, a globe, having the qualities of a globe, a round earth in which all the directions eventually meet, in which there is no center because every point, or none, is center — an equal earth which all men occupy as equals. The airman\'s earth, if free men make it, will be truly round: a globe in practice, not in theory.</p>\n<p>Science cuts two ways, of course; its products can be used for both good and evil. But there\'s no turning back from science. The early warnings about technological dangers also come from science.</p>\n<p>What was most significant about the lunar voyage was not that man set foot on the Moon but that they set eye on the earth.</p>\n<p>A Chinese tale tells of some men sent to harm a young girl who, upon seeing her beauty, become her protectors rather than her violators. That\'s how I felt seeing the Earth for the first time. I could not help but love and cherish her.</p>\n<p>For those who have seen the Earth from space, and for the hundreds and perhaps thousands more who will, the experience most certainly changes your perspective. The things that we share in our world are far more valuable than those which divide us.</p>\n<h2 class=\"section-heading\">The Final Frontier</h2>\n<p>There can be no thought of finishing for ‘aiming for the stars.’ Both figuratively and literally, it is a task to occupy the generations. And no matter how much progress one makes, there is always the thrill of just beginning.</p>\n<p>There can be no thought of finishing for ‘aiming for the stars.’ Both figuratively and literally, it is a task to occupy the generations. And no matter how much progress one makes, there is always the thrill of just beginning.</p>\n<blockquote class=\"blockquote\"><p>The dreams of yesterday are the hopes of today and the reality of tomorrow. Science has not yet mastered prophecy. We predict too much for the next year and yet far too little for the next ten.</p></blockquote>\n<p>Spaceflights cannot be stopped. This is not the work of any one man or even a group of men. It is a historical process which mankind is carrying out in accordance with the natural laws of human development.</p>\n<h2 class=\"section-heading\">Reaching for the Stars</h2>\n<p>As we got further and further away, it [the Earth] diminished in size. Finally it shrank to the size of a marble, the most beautiful you can imagine. That beautiful, warm, living object looked so fragile, so delicate, that if you touched it with a finger it would crumble and fall apart. Seeing this has to change a man.</p>\n<p>To go places and do things that have never been done before – that’s what living is all about.</p>\n<p>Space, the final frontier. These are the voyages of the Starship Enterprise. Its five-year mission: to explore strange new worlds, to seek out new life and new civilizations, to boldly go where no man has gone before.</p>\n<p>As I stand out here in the wonders of the unknown at Hadley, I sort of realize there’s a fundamental truth to our nature, Man must explore, and this is exploration at its greatest.</p>\n<p>Placeholder text by <a href=\"http://spaceipsum.com/\">Space Ipsum</a>. Photographs by <a href=\"https://www.flickr.com/photos/nasacommons/\">NASA on The Commons</a>.</p>\n\n<p class=\"simple-translate-result\">&nbsp;</p>\n<p class=\"simple-translate-candidate\">&nbsp;</p>\n\n<p class=\"simple-translate-result\">&nbsp;</p>\n<p class=\"simple-translate-candidate\">&nbsp;</p>","1566626460","0","Nitsan Technologies","info@nitsan.in","1","0","0","","0","0","0","","","0","","1","","","0","0","science-has-not-yet-mastered-prophecy","","","0.5","",""),
("5","7","1683126883","1683126883","1","0","0","0","0","1","0","0","0","{\"bodytext\":\"\"}","0","0","0","0","0","","","","0","I believe every human has a finite number of heartbeats. I don\'t intend to waste any of mine.","","<p>Never in all their history have men been able truly to conceive of the world as one: a single sphere, a globe, having the qualities of a globe, a round earth in which all the directions eventually meet, in which there is no center because every point, or none, is center — an equal earth which all men occupy as equals. The airman\'s earth, if free men make it, will be truly round: a globe in practice, not in theory.</p>\n<p>Science cuts two ways, of course; its products can be used for both good and evil. But there\'s no turning back from science. The early warnings about technological dangers also come from science.</p>\n<p>What was most significant about the lunar voyage was not that man set foot on the Moon but that they set eye on the earth.</p>\n<p>A Chinese tale tells of some men sent to harm a young girl who, upon seeing her beauty, become her protectors rather than her violators. That\'s how I felt seeing the Earth for the first time. I could not help but love and cherish her.</p>\n<p>For those who have seen the Earth from space, and for the hundreds and perhaps thousands more who will, the experience most certainly changes your perspective. The things that we share in our world are far more valuable than those which divide us.</p>\n<h2 class=\"section-heading\">The Final Frontier</h2>\n<p>There can be no thought of finishing for ‘aiming for the stars.’ Both figuratively and literally, it is a task to occupy the generations. And no matter how much progress one makes, there is always the thrill of just beginning.</p>\n<p>There can be no thought of finishing for ‘aiming for the stars.’ Both figuratively and literally, it is a task to occupy the generations. And no matter how much progress one makes, there is always the thrill of just beginning.</p>\n<blockquote class=\"blockquote\"><p>The dreams of yesterday are the hopes of today and the reality of tomorrow. Science has not yet mastered prophecy. We predict too much for the next year and yet far too little for the next ten.</p></blockquote>\n<p>Spaceflights cannot be stopped. This is not the work of any one man or even a group of men. It is a historical process which mankind is carrying out in accordance with the natural laws of human development.</p>\n<h2 class=\"section-heading\">Reaching for the Stars</h2>\n<p>As we got further and further away, it [the Earth] diminished in size. Finally it shrank to the size of a marble, the most beautiful you can imagine. That beautiful, warm, living object looked so fragile, so delicate, that if you touched it with a finger it would crumble and fall apart. Seeing this has to change a man.</p>\n<p>To go places and do things that have never been done before – that’s what living is all about.</p>\n<p>Space, the final frontier. These are the voyages of the Starship Enterprise. Its five-year mission: to explore strange new worlds, to seek out new life and new civilizations, to boldly go where no man has gone before.</p>\n<p>As I stand out here in the wonders of the unknown at Hadley, I sort of realize there’s a fundamental truth to our nature, Man must explore, and this is exploration at its greatest.</p>\n<p>Placeholder text by <a href=\"http://spaceipsum.com/\">Space Ipsum</a>. Photographs by <a href=\"https://www.flickr.com/photos/nasacommons/\">NASA on The Commons</a>.</p>\n\n<p class=\"simple-translate-result\">&nbsp;</p>\n<p class=\"simple-translate-candidate\">&nbsp;</p>\n\n<p class=\"simple-translate-result\">&nbsp;</p>\n<p class=\"simple-translate-candidate\">&nbsp;</p>","1568786460","0","Nitsan Technologies","","1","0","0","","0","0","0","","","0","","1","","","0","0","i-believe-every-human-has-a-finite-number-of-heartbeats-i-dont-intend-to-waste-any-of-mine","","","0.5","",""),
("6","7","1683126883","1683126883","1","0","0","0","0","1","0","0","0","{\"fal_media\":\"\",\"content_elements\":\"\"}","0","0","0","0","0","","","","0","Man must explore, and this is exploration at its greatest","Problems look mighty small from 150 miles up","<p>Never in all their history have men been able truly to conceive of the world as one: a single sphere, a globe, having the qualities of a globe, a round earth in which all the directions eventually meet, in which there is no center because every point, or none, is center — an equal earth which all men occupy as equals. The airman\'s earth, if free men make it, will be truly round: a globe in practice, not in theory.</p>\n<p>Science cuts two ways, of course; its products can be used for both good and evil. But there\'s no turning back from science. The early warnings about technological dangers also come from science.</p>\n<p>What was most significant about the lunar voyage was not that man set foot on the Moon but that they set eye on the earth.</p>\n<p>A Chinese tale tells of some men sent to harm a young girl who, upon seeing her beauty, become her protectors rather than her violators. That\'s how I felt seeing the Earth for the first time. I could not help but love and cherish her.</p>\n<p>For those who have seen the Earth from space, and for the hundreds and perhaps thousands more who will, the experience most certainly changes your perspective. The things that we share in our world are far more valuable than those which divide us.</p>\n<h2 class=\"section-heading\">The Final Frontier</h2>\n<p>There can be no thought of finishing for ‘aiming for the stars.’ Both figuratively and literally, it is a task to occupy the generations. And no matter how much progress one makes, there is always the thrill of just beginning.</p>\n<p>There can be no thought of finishing for ‘aiming for the stars.’ Both figuratively and literally, it is a task to occupy the generations. And no matter how much progress one makes, there is always the thrill of just beginning.</p>\n<blockquote class=\"blockquote\"><p>The dreams of yesterday are the hopes of today and the reality of tomorrow. Science has not yet mastered prophecy. We predict too much for the next year and yet far too little for the next ten.</p></blockquote>\n<p>Spaceflights cannot be stopped. This is not the work of any one man or even a group of men. It is a historical process which mankind is carrying out in accordance with the natural laws of human development.</p>\n<h2 class=\"section-heading\">Reaching for the Stars</h2>\n<p>As we got further and further away, it [the Earth] diminished in size. Finally it shrank to the size of a marble, the most beautiful you can imagine. That beautiful, warm, living object looked so fragile, so delicate, that if you touched it with a finger it would crumble and fall apart. Seeing this has to change a man.</p>","1569304860","0","Nitsan Technologies","","1","0","0","","0","0","0","","","0","","1","","","0","1","man-must-explore-and-this-is-exploration-at-its-greatest","","","0.5","","");

-- End of File